"model","X","platform","seed","Npar","delta.target","time","minESS","medianESS","Nsims","minESS.coda","Rhat.min","Rhat.max","Rhat.median","metric","eps.final","samples.per.time","time.total","mean.efficiency","sd.efficiency","median.efficiency","lwr.efficiency","upr.efficiency","max.cor","median.cor"
"growth",2,"stan.nuts",1,66,0.95,233.959999999999,339.461878853702,2022.32993112497,20000,514.935874026099,0.999949999618727,1.0020989647476,1.00008552057878,"diag_e",0.0716847156319922,1.4509398138729,233.959999999999,2.69148395715751,1.07012663970528,2.5536502600349,1.4509398138729,4.66516527922222,0.874985388396815,0.330277365992126
"growth",4,"stan.nuts",2,66,0.95,180,839.729750259999,2341.20834434837,20000,824.695666764695,0.999949999569264,1.00019760072917,0.999981583307187,"diag_e",0.11211289417748,4.66516527922222,180,2.69148395715751,1.07012663970528,2.5536502600349,1.4509398138729,4.66516527922222,0.874985388396815,0.330277365992126
"growth",6,"stan.nuts",3,66,0.95,203.82,549.031265610097,2142.55108885994,20000,596.812137355604,0.999951156504451,1.00567239417317,1.00001763455806,"diag_e",0.105281340330682,2.69370653326513,203.82,2.69148395715751,1.07012663970528,2.5536502600349,1.4509398138729,4.66516527922222,0.874985388396815,0.330277365992126
"growth",8,"stan.nuts",4,66,0.95,158.450000000001,391.478335844312,1449.68904876064,20000,470.586253143012,0.99995231821498,1.00293585254669,1.00050578510324,"diag_e",0.147260738219364,2.47067425588079,158.450000000001,2.69148395715751,1.07012663970528,2.5536502600349,1.4509398138729,4.66516527922222,0.874985388396815,0.330277365992126
"growth",10,"stan.nuts",5,66,0.95,185.960000000001,490.307020088593,1859.38938830059,20000,562.567787846629,0.99995047854635,1.0012864145341,1.00032847193231,"diag_e",0.100644297879695,2.63662626418902,185.960000000001,2.69148395715751,1.07012663970528,2.5536502600349,1.4509398138729,4.66516527922222,0.874985388396815,0.330277365992126
"growth",12,"stan.nuts",6,66,0.95,161.33,289.713187152573,1241.25815799113,20000,286.717101354533,0.999950063470114,1.00151486144056,1.00025996606215,"diag_e",0.133036820840944,1.79577999846633,161.33,2.69148395715751,1.07012663970528,2.5536502600349,1.4509398138729,4.66516527922222,0.874985388396815,0.330277365992126
"growth",14,"stan.nuts",7,66,0.95,230.4,467.457751263096,1967.44669553273,20000,565.610702610589,0.999963894304489,1.00121829252284,1.00044746142246,"diag_e",0.105049435693237,2.02889648985719,230.4,2.69148395715751,1.07012663970528,2.5536502600349,1.4509398138729,4.66516527922222,0.874985388396815,0.330277365992126
"growth",16,"stan.nuts",8,66,0.95,190.309999999999,557.520282939737,2023.60425004096,20000,543.179331168981,0.999949998887552,1.00104559673797,1.00001091629053,"diag_e",0.0914222433292716,2.92953750690841,190.309999999999,2.69148395715751,1.07012663970528,2.5536502600349,1.4509398138729,4.66516527922222,0.874985388396815,0.330277365992126
"growth",18,"stan.nuts",9,66,0.95,169.98,317.240084357083,1590.28621187588,20000,456.132738040336,0.999951003004573,1.00117510603081,1.00011757979291,"diag_e",0.114524467680868,1.8663377124196,169.98,2.69148395715751,1.07012663970528,2.5536502600349,1.4509398138729,4.66516527922222,0.874985388396815,0.330277365992126
"growth",20,"stan.nuts",10,66,0.95,145.66,637.579415010098,1719.11177781635,20000,768.788456897918,0.999950000453944,1.00248916142247,1.00101316169557,"diag_e",0.126914788557975,4.37717571749347,145.66,2.69148395715751,1.07012663970528,2.5536502600349,1.4509398138729,4.66516527922222,0.874985388396815,0.330277365992126
"growth",13,"jags",7,66,0.5,36.9600000000009,112.751601973014,278.894177306089,20000,118.369524988215,0.999951662601803,1.00830859419784,1.00189306567192,NA,NA,3.05063858152085,36.9600000000009,3.32232934178212,0.605285622315244,3.36243759576041,2.16206777100459,4.07254974137431,0.874985388396815,0.330277365992126
"growth",15,"jags",8,66,0.5,37.8700000000008,81.8775064879454,235.471953123377,20000,141.125301885303,1.00030263768286,1.03801439372321,1.0107298417253,NA,NA,2.16206777100459,37.8700000000008,3.32232934178212,0.605285622315244,3.36243759576041,2.16206777100459,4.07254974137431,0.874985388396815,0.330277365992126
"growth",17,"jags",9,66,0.5,37.3900000000031,121.462597924804,287.542237783103,20000,148.564828891319,1.00009876675492,1.02054877541243,1.0070786763504,NA,NA,3.2485316374644,37.3900000000031,3.32232934178212,0.605285622315244,3.36243759576041,2.16206777100459,4.07254974137431,0.874985388396815,0.330277365992126
"growth",19,"jags",10,66,0.5,48.7900000000009,138.725206655831,456.916461985347,20000,142.764136537082,0.999950028312298,1.02421887070501,1.00093826210365,NA,NA,2.84331229054784,48.7900000000009,3.32232934178212,0.605285622315244,3.36243759576041,2.16206777100459,4.07254974137431,0.874985388396815,0.330277365992126
"growth",3,"jags",2,66,0.5,36.4099999999999,134.615819721512,342.688949156784,20000,139.86251523269,0.999950058757009,1.00934908269981,1.00421906743284,NA,NA,3.69722108545763,36.4099999999999,3.32232934178212,0.605285622315244,3.36243759576041,2.16206777100459,4.07254974137431,0.874985388396815,0.330277365992126
"growth",5,"jags",3,66,0.5,39.4400000000005,137.106989771987,345.634026334103,20000,128.504788524915,0.999952454403048,1.00245025732808,1.00089257217254,NA,NA,3.47634355405641,39.4400000000005,3.32232934178212,0.605285622315244,3.36243759576041,2.16206777100459,4.07254974137431,0.874985388396815,0.330277365992126
"growth",7,"jags",4,66,0.5,45.8099999999995,131.436109424852,351.20117828506,20000,178.279751271388,0.999950146936093,1.00820194260643,1.00107235339334,NA,NA,2.86915759495423,45.8099999999995,3.32232934178212,0.605285622315244,3.36243759576041,2.16206777100459,4.07254974137431,0.874985388396815,0.330277365992126
"growth",1,"jags",1,66,0.5,39.8299999999999,160.934274360671,427.194081859522,20000,199.876735189216,0.999957605080117,1.0233111178421,1.00732525529954,NA,NA,4.04052910772461,39.8299999999999,3.32232934178212,0.605285622315244,3.36243759576041,2.16206777100459,4.07254974137431,0.874985388396815,0.330277365992126
"growth",11,"jags",6,66,0.5,38.4299999999985,156.508086561008,412.089111290333,20000,160.422163581946,1.00000336946227,1.01043077596717,1.00340504651319,NA,NA,4.07254974137431,38.4299999999985,3.32232934178212,0.605285622315244,3.36243759576041,2.16206777100459,4.07254974137431,0.874985388396815,0.330277365992126
"growth",9,"jags",5,66,0.5,38.1599999999999,143.593868769816,344.51443649539,20000,164.038375500297,0.999950013122676,1.01405811131458,1.00179062823505,NA,NA,3.76294205371636,38.1599999999999,3.32232934178212,0.605285622315244,3.36243759576041,2.16206777100459,4.07254974137431,0.874985388396815,0.330277365992126
"growth_nc",1,"jags",1,66,0.5,72.2799999999988,217.457455401488,5717.85139260713,20000,217.73457974915,0.999950589250778,1.00440984603639,1.00012000077683,NA,NA,3.00854254844343,72.2799999999988,2.79751765222769,0.490638641717018,2.89502304504573,1.90127438477669,3.55751091118374,0.888493674078323,0.0346563809617335
"growth_nc",3,"jags",2,66,0.5,72.1600000000035,256.709987351031,5917.01357734346,20000,235.029609690804,0.999950022975848,1.00475383878408,1.00003825148416,NA,NA,3.55751091118374,72.1600000000035,2.79751765222769,0.490638641717018,2.89502304504573,1.90127438477669,3.55751091118374,0.888493674078323,0.0346563809617335
"growth_nc",5,"jags",3,66,0.5,73.0599999999977,238.758940534229,5780.36160611727,20000,247.19494267449,0.99995000052456,1.00056892037125,0.999997798013642,NA,NA,3.26798440369883,73.0599999999977,2.79751765222769,0.490638641717018,2.89502304504573,1.90127438477669,3.55751091118374,0.888493674078323,0.0346563809617335
"growth_nc",7,"jags",4,66,0.5,73.6899999999951,208.567776245972,5776.05595050686,20000,229.155322669217,0.999949999299214,1.00202479089723,1.00000975010039,NA,NA,2.83034029374388,73.6899999999951,2.79751765222769,0.490638641717018,2.89502304504573,1.90127438477669,3.55751091118374,0.888493674078323,0.0346563809617335
"growth_nc",9,"jags",5,66,0.5,78.3199999999997,193.233087031405,5624.50977254155,20000,199.885130950786,0.999950037595547,1.00358746882281,1.00013445990702,NA,NA,2.46722531960427,78.3199999999997,2.79751765222769,0.490638641717018,2.89502304504573,1.90127438477669,3.55751091118374,0.888493674078323,0.0346563809617335
"growth_nc",11,"jags",6,66,0.5,74,199.108077631994,5488.12537656699,20000,211.256186465258,0.999949998774597,1.00852297990594,1.00012358619039,NA,NA,2.69064969772964,74,2.79751765222769,0.490638641717018,2.89502304504573,1.90127438477669,3.55751091118374,0.888493674078323,0.0346563809617335
"growth_nc",13,"jags",7,66,0.5,73.7200000000012,218.189511306747,5652.01852449921,20000,236.158798389402,0.999950027777729,1.007100123533,1.0000714121751,NA,NA,2.95970579634757,73.7200000000012,2.79751765222769,0.490638641717018,2.89502304504573,1.90127438477669,3.55751091118374,0.888493674078323,0.0346563809617335
"growth_nc",15,"jags",8,66,0.5,75.6100000000006,143.755356232967,5790.16634412873,20000,208.149706102258,0.999950075685929,1.00200842517803,1.00003499148226,NA,NA,1.90127438477669,75.6100000000006,2.79751765222769,0.490638641717018,2.89502304504573,1.90127438477669,3.55751091118374,0.888493674078323,0.0346563809617335
"growth_nc",17,"jags",9,66,0.5,80.2799999999988,180.007158330308,5790.58043379951,20000,201.246117278265,0.999950064383057,1.03042976473427,1.0000803315815,NA,NA,2.24224163341194,80.2799999999988,2.79751765222769,0.490638641717018,2.89502304504573,1.90127438477669,3.55751091118374,0.888493674078323,0.0346563809617335
"growth_nc",19,"jags",10,66,0.5,73.3799999999974,223.787098516252,5657.67386793132,20000,213.32659208617,0.999950101805982,1.01221221899915,1.00003512520062,NA,NA,3.04970153333687,73.3799999999974,2.79751765222769,0.490638641717018,2.89502304504573,1.90127438477669,3.55751091118374,0.888493674078323,0.0346563809617335
"growth_nc",2,"stan.nuts",1,66,0.9,139.489999999998,2314.89811597931,13213.5333187513,20000,2487.07958789484,0.999949999002906,1.00094094722998,1.00001688078466,"diag_e",0.0978767489327218,16.5954413648243,139.489999999998,20.8628160017621,2.86250234224118,20.5318900944933,16.5954413648243,25.0865868460363,0.888493674078323,0.0346563809617335
"growth_nc",4,"stan.nuts",2,66,0.9,126.730000000003,3179.22315099826,20000,20000,3011.42583373981,0.999950083569914,1.00075537068441,0.999999036838243,"diag_e",0.117579814301192,25.0865868460363,126.730000000003,20.8628160017621,2.86250234224118,20.5318900944933,16.5954413648243,25.0865868460363,0.888493674078323,0.0346563809617335
"growth_nc",6,"stan.nuts",3,66,0.9,154.939999999995,2789.34409859382,15100.3530529578,20000,2987.17907188617,0.999949999095243,1.00146486602532,1.00000752473086,"diag_e",0.0902828062322484,18.0027371795141,154.939999999995,20.8628160017621,2.86250234224118,20.5318900944933,16.5954413648243,25.0865868460363,0.888493674078323,0.0346563809617335
"growth_nc",8,"stan.nuts",4,66,0.9,127.349999999999,3074.40813251576,20000,20000,3417.76881580854,0.99994999903651,1.00032639913396,0.999970178204285,"diag_e",0.142184040446474,24.1414066157503,127.349999999999,20.8628160017621,2.86250234224118,20.5318900944933,16.5954413648243,25.0865868460363,0.888493674078323,0.0346563809617335
"growth_nc",10,"stan.nuts",5,66,0.9,130.68,2958.48282852962,20000,20000,3008.50563694684,0.999950289873992,1.00114717101055,1.00000339650963,"diag_e",0.111408694371464,22.6391401020019,130.68,20.8628160017621,2.86250234224118,20.5318900944933,16.5954413648243,25.0865868460363,0.888493674078323,0.0346563809617335
"growth_nc",12,"stan.nuts",6,66,0.9,129.660000000003,3014.11795580903,20000,20000,3226.45371578016,0.999950009241027,1.00043932489233,0.999973556666065,"diag_e",0.123544988677894,23.2463208067943,129.660000000003,20.8628160017621,2.86250234224118,20.5318900944933,16.5954413648243,25.0865868460363,0.888493674078323,0.0346563809617335
"growth_nc",14,"stan.nuts",7,66,0.9,134.580000000002,2695.26502751572,14199.5413077669,20000,2530.89701120429,0.999950041140411,1.00064305695585,1.00002956723482,"diag_e",0.101740690307233,20.0272330770968,134.580000000002,20.8628160017621,2.86250234224118,20.5318900944933,16.5954413648243,25.0865868460363,0.888493674078323,0.0346563809617335
"growth_nc",16,"stan.nuts",8,66,0.9,128.75,2708.45544065581,16533.5688765339,20000,2693.91093583554,0.999950026819167,1.00048413697947,0.999983085439249,"diag_e",0.109483180850055,21.0365471118898,128.75,20.8628160017621,2.86250234224118,20.5318900944933,16.5954413648243,25.0865868460363,0.888493674078323,0.0346563809617335
"growth_nc",18,"stan.nuts",9,66,0.9,170.479999999996,3069.35083065644,20000,20000,3398.36876109791,0.999950021131172,1.00043996199193,0.999967693157111,"diag_e",0.0862626477323407,18.0041695838603,170.479999999996,20.8628160017621,2.86250234224118,20.5318900944933,16.5954413648243,25.0865868460363,0.888493674078323,0.0346563809617335
"growth_nc",20,"stan.nuts",10,66,0.9,129.629999999997,2572.97107926874,14421.3113046227,20000,2703.41177154705,0.999950229344324,1.00032728526844,0.99997985196061,"diag_e",0.105600212595892,19.8485773298526,129.629999999997,20.8628160017621,2.86250234224118,20.5318900944933,16.5954413648243,25.0865868460363,0.888493674078323,0.0346563809617335
"mvnc",12,"stan.nuts",6,2,0.8,0.939999999999998,6765.35212059688,8632.53853757771,20000,6607.33360686804,1.00000449694869,1.00004469548436,1.00000870190992,"diag_e",0.746650840801434,7197.18310701797,0.939999999999998,7191.98903142603,866.241942027625,7269.88730289152,5694.20347156229,8535.10179427825,0.968296662669641,0.968296662669641
"mvnc",14,"stan.nuts",7,2,0.8,0.859999999999999,7067.79518551242,9371.59743003187,20000,7118.57951189222,0.999956727408135,0.99995914326135,0.999958670771531,"diag_e",0.850029708258964,8218.36649478189,0.859999999999999,7191.98903142603,866.241942027625,7269.88730289152,5694.20347156229,8535.10179427825,0.968296662669641,0.968296662669641
"mvnc",10,"stan.nuts",5,2,0.8,0.890000000000001,6237.75660707559,8511.03727367605,20000,6531.77165912217,0.999983831132513,1.00004300317655,0.999999220825355,"diag_e",0.72006138842684,7008.71528884897,0.890000000000001,7191.98903142603,866.241942027625,7269.88730289152,5694.20347156229,8535.10179427825,0.968296662669641,0.968296662669641
"mvnc",2,"stan.nuts",1,2,0.8,1.01,5751.1455062779,8209.11786209246,20000,6068.54161127977,0.999954795493418,1.00028253421713,0.999969836207434,"diag_e",0.724302322512232,5694.20347156229,1.01,7191.98903142603,866.241942027625,7269.88730289152,5694.20347156229,8535.10179427825,0.968296662669641,0.968296662669641
"mvnc",4,"stan.nuts",2,2,0.8,0.890000000000001,6747.23226052788,8357.82987148572,20000,6682.01486904677,0.999950773848192,0.999982029360182,0.999966020061158,"diag_e",0.792978208624695,7581.15984328975,0.890000000000001,7191.98903142603,866.241942027625,7269.88730289152,5694.20347156229,8535.10179427825,0.968296662669641,0.968296662669641
"mvnc",6,"stan.nuts",3,2,0.8,0.839999999999996,7169.4855071937,8722.05403509337,20000,7173.32143294553,0.999961134890632,0.999986645385299,0.99996913105235,"diag_e",0.780919269560555,8535.10179427825,0.839999999999996,7191.98903142603,866.241942027625,7269.88730289152,5694.20347156229,8535.10179427825,0.968296662669641,0.968296662669641
"mvnc",8,"stan.nuts",4,2,0.8,0.900000000000006,5893.34196033693,7658.97548421289,20000,6464.91966438611,0.999958164655025,1.00000100202103,0.999963960859148,"diag_e",0.68379473841744,6548.15773370766,0.900000000000006,7191.98903142603,866.241942027625,7269.88730289152,5694.20347156229,8535.10179427825,0.968296662669641,0.968296662669641
"mvnc",1,"jags",1,2,0.5,1.17,7650.72037148258,8003.52629679852,20000,8189.4472038486,1.00000023320967,1.00013548061534,1.0000678569125,NA,NA,6539.07724058339,1.17,6859.45817782991,414.770139602836,6825.01713755043,6252.15464877215,7368.59656929747,0.968296662669641,0.968296662669641
"mvnc",3,"jags",2,2,0.5,1.19,8083.24457860906,8233.58205104561,20000,8242.57289132284,0.999969053107922,1.0001046258106,1.00003683945926,NA,NA,6792.64250303283,1.19,6859.45817782991,414.770139602836,6825.01713755043,6252.15464877215,7368.59656929747,0.968296662669641,0.968296662669641
"mvnc",5,"jags",3,2,0.5,1.14,8285.12567822985,8285.88005689064,20000,8305.28266570958,0.999950097475635,0.99996555391725,0.999957825696442,NA,NA,7267.65410371039,1.14,6859.45817782991,414.770139602836,6825.01713755043,6252.15464877215,7368.59656929747,0.968296662669641,0.968296662669641
"mvnc",16,"stan.nuts",8,2,0.8,0.920000000000002,5743.35705599692,7262.89212864313,20000,5890.89971970093,0.999950254014783,1.00002205674702,0.99995216415306,"diag_e",0.672169585024693,6242.77940869229,0.920000000000002,7191.98903142603,866.241942027625,7269.88730289152,5694.20347156229,8535.10179427825,0.968296662669641,0.968296662669641
"mvnc",18,"stan.nuts",9,2,0.8,0.890000000000001,6534.90643390093,8140.86519716334,20000,6595.50201549024,1.00009582134946,1.00015199263315,1.00015124388124,"diag_e",0.722994803616123,7342.59149876508,0.890000000000001,7191.98903142603,866.241942027625,7269.88730289152,5694.20347156229,8535.10179427825,0.968296662669641,0.968296662669641
"mvnc",20,"stan.nuts",10,2,0.8,0.890000000000001,6720.95218925135,8621.29548740189,20000,6578.1593441612,0.999986584007009,1.00028766142103,1.00013987769526,"diag_e",0.714698709711878,7551.63167331611,0.890000000000001,7191.98903142603,866.241942027625,7269.88730289152,5694.20347156229,8535.10179427825,0.968296662669641,0.968296662669641
"mvnc",13,"jags",7,2,0.5,1.15000000000001,8395.54334648421,8443.19266920869,20000,8458.90656785889,0.999992225110825,1.00003195208916,1.00001208859999,NA,NA,7300.47247520362,1.15000000000001,6859.45817782991,414.770139602836,6825.01713755043,6252.15464877215,7368.59656929747,0.968296662669641,0.968296662669641
"mvnc",15,"jags",8,2,0.5,1.2,7502.58557852659,7912.8659396108,20000,7875.6651205312,0.999950424623188,0.999960604084262,0.999955514353725,NA,NA,6252.15464877215,1.2,6859.45817782991,414.770139602836,6825.01713755043,6252.15464877215,7368.59656929747,0.968296662669641,0.968296662669641
"mvnc",17,"jags",9,2,0.5,1.14,8400.20008899912,8469.76535419536,20000,8401.54096823772,1.00004056221255,1.00028886547429,1.00016471384342,NA,NA,7368.59656929747,1.14,6859.45817782991,414.770139602836,6825.01713755043,6252.15464877215,7368.59656929747,0.968296662669641,0.968296662669641
"mvnc",19,"jags",10,2,0.5,1.16,7499.27188575329,7934.49505572579,20000,8137.45384531001,1.00051896194309,1.00080670249271,1.0006628322179,NA,NA,6464.88955668389,1.16,6859.45817782991,414.770139602836,6825.01713755043,6252.15464877215,7368.59656929747,0.968296662669641,0.968296662669641
"mvnc",11,"jags",6,2,0.5,1.16999999999999,7594.77738140509,7878.19674893324,20000,6996.33728074618,0.999985463331617,1.0000747819766,1.00003012265411,NA,NA,6491.26271914972,1.16999999999999,6859.45817782991,414.770139602836,6825.01713755043,6252.15464877215,7368.59656929747,0.968296662669641,0.968296662669641
"mvnc",7,"jags",4,2,0.5,1.11,8059.08861067534,8120.89792113947,20000,8050.4964660115,1.00004234828541,1.00023725140729,1.00013979984635,NA,NA,7260.44018979761,1.11,6859.45817782991,414.770139602836,6825.01713755043,6252.15464877215,7368.59656929747,0.968296662669641,0.968296662669641
"mvnc",9,"jags",5,2,0.5,1.12,7680.27878471623,7868.73298671733,20000,8043.84883763782,1.0000181543739,1.00037275011079,1.00019545224235,NA,NA,6857.39177206803,1.12,6859.45817782991,414.770139602836,6825.01713755043,6252.15464877215,7368.59656929747,0.968296662669641,0.968296662669641
"mvnd",12,"stan.nuts",6,5,0.8,2.18000000000001,5575.86700869837,6884.27319851818,20000,5603.32174687125,0.999951839095604,1.00009473459187,1.00001259374735,"diag_e",0.35378673814926,2557.73715995337,2.18000000000001,2566.82972049146,163.597658920146,2568.72693388499,2290.00169987461,2835.15740393372,0.627420621308798,0.402739853961267
"mvnd",10,"stan.nuts",5,5,0.8,2.06999999999999,5474.07636804955,7013.22384240847,20000,5368.62479421896,0.999952365136885,1.00012443545774,0.999972884083708,"diag_e",0.39500587748422,2644.48133722201,2.06999999999999,2566.82972049146,163.597658920146,2568.72693388499,2290.00169987461,2835.15740393372,0.627420621308798,0.402739853961267
"mvnd",20,"stan.nuts",10,5,0.8,2.22000000000003,5401.92687185636,6971.8021648337,20000,5406.82505619534,0.999955104810916,1.00037901748627,1.00022624101153,"diag_e",0.349727991168707,2433.30039272806,2.22000000000003,2566.82972049146,163.597658920146,2568.72693388499,2290.00169987461,2835.15740393372,0.627420621308798,0.402739853961267
"mvnd",14,"stan.nuts",7,5,0.8,2.02000000000004,5727.01795594622,6810.69140886189,20000,5714.34508701916,0.999952499622376,1.00005076051494,1.00000959983482,"diag_e",0.403620509994292,2835.15740393372,2.02000000000004,2566.82972049146,163.597658920146,2568.72693388499,2290.00169987461,2835.15740393372,0.627420621308798,0.402739853961267
"mvnd",16,"stan.nuts",8,5,0.8,2.15999999999997,5572.18808888379,6819.24774266403,20000,5510.5502389813,0.999950247062644,1.00041296108443,0.999977968277303,"diag_e",0.376369838793004,2579.71670781661,2.15999999999997,2566.82972049146,163.597658920146,2568.72693388499,2290.00169987461,2835.15740393372,0.627420621308798,0.402739853961267
"mvnd",18,"stan.nuts",9,5,0.8,2.09999999999997,5274.75392174157,6644.57918979344,20000,5331.90864203048,0.999953855636947,1.0010865227064,1.0000173566706,"diag_e",0.391208790540157,2511.78758178174,2.09999999999997,2566.82972049146,163.597658920146,2568.72693388499,2290.00169987461,2835.15740393372,0.627420621308798,0.402739853961267
"mvnd",2,"stan.nuts",1,5,0.8,2.45000000000002,5917.23959416255,6983.81012994334,20000,5899.8496918813,0.999958065903344,1.00022262937431,1.00000686430172,"diag_e",0.325712126459752,2415.19983435204,2.45000000000002,2566.82972049146,163.597658920146,2568.72693388499,2290.00169987461,2835.15740393372,0.627420621308798,0.402739853961267
"mvnd",4,"stan.nuts",2,5,0.8,2.26000000000002,5175.40384171666,6616.77160793955,20000,5450.35754903513,0.999954606455356,1.00003845631586,0.999981782624614,"diag_e",0.342812725906856,2290.00169987461,2.26000000000002,2566.82972049146,163.597658920146,2568.72693388499,2290.00169987461,2835.15740393372,0.627420621308798,0.402739853961267
"mvnd",6,"stan.nuts",3,5,0.8,2.19,6037.90255180675,7353.593304563,20000,5804.61246890382,1.00004392533393,1.0008394494652,1.0001237897871,"diag_e",0.360606813322194,2757.03312867889,2.19,2566.82972049146,163.597658920146,2568.72693388499,2290.00169987461,2835.15740393372,0.627420621308798,0.402739853961267
"mvnd",8,"stan.nuts",4,5,0.8,2.25,5948.7344067905,7022.67819584328,20000,5725.07376557177,0.999950001267761,1.00006195512472,0.999957425841943,"diag_e",0.340352471191303,2643.88195857356,2.25,2566.82972049146,163.597658920146,2568.72693388499,2290.00169987461,2835.15740393372,0.627420621308798,0.402739853961267
"mvnd",1,"jags",1,5,0.5,6.63,1390.14702163642,2293.54921808147,20000,1379.85392901613,0.999960827657875,1.00044386160644,1.000142564557,NA,NA,209.675267215146,6.63,221.360130784892,18.6780402820266,220.732715709449,195.654969609622,257.126822171967,0.627420621308798,0.402739853961267
"mvnd",3,"jags",2,5,0.5,6.67000000000002,1550.8941908004,2290.89284086699,20000,1541.20628975529,1.00000657479798,1.00232508425289,1.00131080889239,NA,NA,232.517869685217,6.67000000000002,221.360130784892,18.6780402820266,220.732715709449,195.654969609622,257.126822171967,0.627420621308798,0.402739853961267
"mvnd",5,"jags",3,5,0.5,6.5,1554.00522957127,2657.92466983986,20000,1512.37440480902,0.999968589239854,1.00015683625839,1.00007891802517,NA,NA,239.077727626349,6.5,221.360130784892,18.6780402820266,220.732715709449,195.654969609622,257.126822171967,0.627420621308798,0.402739853961267
"mvnd",7,"jags",4,5,0.5,6.47,1423.99712982336,2341.70310870161,20000,1538.24202432987,0.999984533937573,1.00023625721458,1.00000956007658,NA,NA,220.092292090164,6.47,221.360130784892,18.6780402820266,220.732715709449,195.654969609622,257.126822171967,0.627420621308798,0.402739853961267
"mvnd",9,"jags",5,5,0.5,6.56,1452.2077939965,2474.29271528971,20000,1501.89870963601,0.999967465435713,1.00127787141421,1.00045396203132,NA,NA,221.373139328734,6.56,221.360130784892,18.6780402820266,220.732715709449,195.654969609622,257.126822171967,0.627420621308798,0.402739853961267
"mvnd",11,"jags",6,5,0.5,6.5,1271.75730246254,2083.64411205909,20000,1241.49481406118,0.999950394274116,1.00003666302772,0.999954642776353,NA,NA,195.654969609622,6.5,221.360130784892,18.6780402820266,220.732715709449,195.654969609622,257.126822171967,0.627420621308798,0.402739853961267
"mvnd",13,"jags",7,5,0.5,6.42000000000002,1333.7603605205,2263.58700173515,20000,1403.27639812863,0.999998687319608,1.00053301830043,1.00041464566861,NA,NA,207.750834972041,6.42000000000002,221.360130784892,18.6780402820266,220.732715709449,195.654969609622,257.126822171967,0.627420621308798,0.402739853961267
"mvnd",15,"jags",8,5,0.5,6.41999999999996,1650.75419834402,2710.77353035749,20000,1533.59434243202,0.999959134707988,1.00044762069172,1.00000555406785,NA,NA,257.126822171967,6.41999999999996,221.360130784892,18.6780402820266,220.732715709449,195.654969609622,257.126822171967,0.627420621308798,0.402739853961267
"mvnd",17,"jags",9,5,0.5,6.44,1472.22978637095,2404.90726872558,20000,1511.44776412918,0.999962793944576,1.00013620859637,0.999969872950598,NA,NA,228.607109684931,6.44,221.360130784892,18.6780402820266,220.732715709449,195.654969609622,257.126822171967,0.627420621308798,0.402739853961267
"mvnd",19,"jags",10,5,0.5,6.44,1299.11077399297,2161.63810744725,20000,1448.69914724037,1.0004436160723,1.00291757991225,1.00176190688324,NA,NA,201.725275464747,6.44,221.360130784892,18.6780402820266,220.732715709449,195.654969609622,257.126822171967,0.627420621308798,0.402739853961267
"redkite",1,"jags",1,5,0.5,2.33,452.764830988154,848.522773686587,20000,376.760275396007,1.00008593170408,1.00274848561098,1.00144108243106,NA,NA,194.319669951997,2.33,244.303429482749,73.3220125832887,259.899850722122,114.823427820286,346.868635160968,0.821001083926549,0.0713893754702585
"redkite",3,"jags",2,5,0.5,2.19,599.093351510914,1050.96953352648,20000,610.063027184967,1.00017985165449,1.00240371270101,1.00060402881991,NA,NA,273.55860799585,2.19,244.303429482749,73.3220125832887,259.899850722122,114.823427820286,346.868635160968,0.821001083926549,0.0713893754702585
"redkite",5,"jags",3,5,0.5,2.19,686.043501725707,1101.27513090627,20000,604.053493251274,0.99995401407859,1.00178931656879,1.00040385263433,NA,NA,313.261872934113,2.19,244.303429482749,73.3220125832887,259.899850722122,114.823427820286,346.868635160968,0.821001083926549,0.0713893754702585
"redkite",7,"jags",4,5,0.5,2.31,555.944066169946,1011.50829243954,20000,546.813487319701,0.999952871447835,1.00573644698956,1.0050575708507,NA,NA,240.668426913396,2.31,244.303429482749,73.3220125832887,259.899850722122,114.823427820286,346.868635160968,0.821001083926549,0.0713893754702585
"redkite",9,"jags",5,5,0.5,2.41,350.018824309097,1009.20075607274,20000,345.751649891154,0.999950016546343,1.00785099627152,1.00068367471718,NA,NA,145.236026684273,2.41,244.303429482749,73.3220125832887,259.899850722122,114.823427820286,346.868635160968,0.821001083926549,0.0713893754702585
"redkite",11,"jags",6,5,0.5,2.37,676.243177758744,994.399699611235,20000,731.863777299674,0.999978281682502,1.00111826089189,1.00104001588178,NA,NA,285.334674159807,2.37,244.303429482749,73.3220125832887,259.899850722122,114.823427820286,346.868635160968,0.821001083926549,0.0713893754702585
"redkite",13,"jags",7,5,0.5,2.23000000000002,630.469747261245,1064.05954007804,20000,676.579825980235,1.0000277711481,1.00699828396877,1.00315879194653,NA,NA,282.721859758403,2.23000000000002,244.303429482749,73.3220125832887,259.899850722122,114.823427820286,346.868635160968,0.821001083926549,0.0713893754702585
"redkite",15,"jags",8,5,0.5,2.5,287.058569550715,1085.6238285293,20000,288.563199487984,1.00000268708348,1.00176818244251,1.00008985127551,NA,NA,114.823427820286,2.5,244.303429482749,73.3220125832887,259.899850722122,114.823427820286,346.868635160968,0.821001083926549,0.0713893754702585
"redkite",17,"jags",9,5,0.5,2.30000000000001,566.354514931307,929.015860180878,20000,540.043203431364,1.00002569477257,1.00132651172716,1.000965797602,NA,NA,246.241093448393,2.30000000000001,244.303429482749,73.3220125832887,259.899850722122,114.823427820286,346.868635160968,0.821001083926549,0.0713893754702585
"redkite",19,"jags",10,5,0.5,2.29000000000002,794.329174518624,1243.6260200681,20000,712.620955594656,1.00011784307725,1.00072467879761,1.00033264963098,NA,NA,346.868635160968,2.29000000000002,244.303429482749,73.3220125832887,259.899850722122,114.823427820286,346.868635160968,0.821001083926549,0.0713893754702585
"redkite",2,"stan.nuts",1,5,0.8,8.88,4389.80502674553,5789.6055424937,20000,4506.00208476855,0.999950029796403,1.00012369478027,1.00006438756097,"diag_e",0.285063894311385,494.347412921794,8.88,345.197453350566,109.966008658661,344.363625703591,168.773783355324,494.347412921794,0.821001083926549,0.0713893754702585
"redkite",4,"stan.nuts",2,5,0.8,7.98,2317.88714442132,4763.89141426906,20000,2381.72491121704,0.999951302779904,1.00000836379373,0.999964407037205,"diag_e",0.314872793856813,290.462048173097,7.98,345.197453350566,109.966008658661,344.363625703591,168.773783355324,494.347412921794,0.821001083926549,0.0713893754702585
"redkite",6,"stan.nuts",3,5,0.8,8.94,4115.11566204846,6137.41333355137,20000,4145.84486409156,1.00003031976617,1.00013793597874,1.00006253102916,"diag_e",0.257161606482297,460.303765329805,8.94,345.197453350566,109.966008658661,344.363625703591,168.773783355324,494.347412921794,0.821001083926549,0.0713893754702585
"redkite",8,"stan.nuts",4,5,0.8,9.06999999999999,1530.77821503279,5059.30012699647,20000,1616.16862865811,1.00000953854686,1.00137505395619,1.00016004576011,"diag_e",0.283172969328826,168.773783355324,9.06999999999999,345.197453350566,109.966008658661,344.363625703591,168.773783355324,494.347412921794,0.821001083926549,0.0713893754702585
"redkite",10,"stan.nuts",5,5,0.8,9.34,4440.89716620594,5497.58701572345,20000,4737.83619958091,0.999959314872148,1.00040425404279,1.0001765504444,"diag_e",0.270855398932709,475.470788673013,9.34,345.197453350566,109.966008658661,344.363625703591,168.773783355324,494.347412921794,0.821001083926549,0.0713893754702585
"redkite",12,"stan.nuts",6,5,0.8,8.66,2175.09973989794,5565.79469947982,20000,2248.30459907089,0.999965798980392,1.00134950061977,1.00040156090541,"diag_e",0.277770353186028,251.166251720317,8.66,345.197453350566,109.966008658661,344.363625703591,168.773783355324,494.347412921794,0.821001083926549,0.0713893754702585
"redkite",14,"stan.nuts",7,5,0.8,8.69,2063.41706818644,4927.72987974649,20000,1923.16909318628,0.999949998849981,1.00007814876653,0.999961208184399,"diag_e",0.277335972065775,237.447303588774,8.69,345.197453350566,109.966008658661,344.363625703591,168.773783355324,494.347412921794,0.821001083926549,0.0713893754702585
"redkite",16,"stan.nuts",8,5,0.8,8.75999999999999,3375.01713222643,5416.00643822408,20000,3444.55633643466,0.999951892239765,1.0002796449818,0.999968384042243,"diag_e",0.281682834931136,385.27592833635,8.75999999999999,345.197453350566,109.966008658661,344.363625703591,168.773783355324,494.347412921794,0.821001083926549,0.0713893754702585
"redkite",18,"stan.nuts",9,5,0.8,8.31,2941.68834268914,5466.02403554012,20000,2905.87399354274,0.999961426311215,1.00024361796805,0.99998927245403,"diag_e",0.298800265281902,353.993783717105,8.31,345.197453350566,109.966008658661,344.363625703591,168.773783355324,494.347412921794,0.821001083926549,0.0713893754702585
"redkite",20,"stan.nuts",10,5,0.8,9.01999999999998,3019.29587856449,5841.13071711555,20000,3130.22277911163,0.999950014573163,1.00036108782298,0.99995475943749,"diag_e",0.281044137497532,334.733467690078,9.01999999999998,345.197453350566,109.966008658661,344.363625703591,168.773783355324,494.347412921794,0.821001083926549,0.0713893754702585
"ss_logistic",12,"stan.nuts",6,28,0.9,340.75,2222.6148096621,9737.21575929727,20000,2783.7419573061,0.999951889779393,1.00056843667713,1.00004067850807,"diag_e",0.0207347491108618,6.52271404156157,340.75,7.90725901228891,1.73226381327112,8.51234096442332,3.92898277349002,9.75705634117488,0.962307587645738,0.0635428163325863
"ss_logistic",14,"stan.nuts",7,28,0.9,361.15,3337.37509738958,20000,20000,3376.09137740174,0.999950227739356,1.00043737579752,0.999995673703638,"diag_e",0.0184491027562235,9.24096662713437,361.15,7.90725901228891,1.73226381327112,8.51234096442332,3.92898277349002,9.75705634117488,0.962307587645738,0.0635428163325863
"ss_logistic",10,"stan.nuts",5,28,0.9,413.14,3253.69269970841,20000,20000,3330.05433590714,0.999950004344368,1.00052132924859,0.999974830747749,"diag_e",0.0139623645904222,7.87552088809703,413.14,7.90725901228891,1.73226381327112,8.51234096442332,3.92898277349002,9.75705634117488,0.962307587645738,0.0635428163325863
"ss_logistic",2,"stan.nuts",1,28,0.9,360.17,2477.75274563464,10608.4248718583,20000,3025.03517924177,0.999950070908771,1.00053978214371,1.00001958377497,"diag_e",0.0199236661221226,6.87939791108266,360.17,7.90725901228891,1.73226381327112,8.51234096442332,3.92898277349002,9.75705634117488,0.962307587645738,0.0635428163325863
"ss_logistic",4,"stan.nuts",2,28,0.9,364.2,3082.68605586072,20000,20000,3194.39565540508,0.999950313175399,1.00071901966983,0.999956731458401,"diag_e",0.0182423435330918,8.46426703970545,364.2,7.90725901228891,1.73226381327112,8.51234096442332,3.92898277349002,9.75705634117488,0.962307587645738,0.0635428163325863
"ss_logistic",6,"stan.nuts",3,28,0.9,366.69,3152.60342837816,20000,20000,3217.55023601295,0.999950048686655,1.0001945287255,0.999965778609185,"diag_e",0.0178721810320698,8.59746223888888,366.69,7.90725901228891,1.73226381327112,8.51234096442332,3.92898277349002,9.75705634117488,0.962307587645738,0.0635428163325863
"ss_logistic",8,"stan.nuts",4,28,0.9,366.8,3391.36214427447,20000,20000,3392.92818871941,0.999950001647193,1.00033540315913,0.999993201807031,"diag_e",0.0179260086637543,9.24580737261305,366.8,7.90725901228891,1.73226381327112,8.51234096442332,3.92898277349002,9.75705634117488,0.962307587645738,0.0635428163325863
"ss_logistic",1,"jags",1,28,0.5,19.55,8.35352410624604,855.39516712542,20000,8.27537414476431,1.00001630548486,1.24490873182264,1.00382637881911,NA,NA,0.427290235613608,19.55,0.616618785180812,0.148300681806887,0.608076123270744,0.411870480903882,0.877075098656118,0.962307587645738,0.0635428163325863
"ss_logistic",3,"jags",2,28,0.5,19.05,16.7082806293991,1369.06624613866,20000,11.6784166483172,0.999950990272849,1.01496306741926,1.00024885336296,NA,NA,0.877075098656118,19.05,0.616618785180812,0.148300681806887,0.608076123270744,0.411870480903882,0.877075098656118,0.962307587645738,0.0635428163325863
"ss_logistic",5,"jags",3,28,0.5,22.86,9.41535919346275,1390.31727664869,20000,8.41830922402834,0.999952972035536,1.01465769912493,1.00047305176084,NA,NA,0.411870480903882,22.86,0.616618785180812,0.148300681806887,0.608076123270744,0.411870480903882,0.877075098656118,0.962307587645738,0.0635428163325863
"ss_logistic",16,"stan.nuts",8,28,0.9,363.67,3548.34867959507,20000,20000,3504.89674039512,0.999950045740829,1.00011524110727,0.999975946389396,"diag_e",0.0172502813845039,9.75705634117488,363.67,7.90725901228891,1.73226381327112,8.51234096442332,3.92898277349002,9.75705634117488,0.962307587645738,0.0635428163325863
"ss_logistic",18,"stan.nuts",9,28,0.9,326.92,2798.57083555804,10439.3171119605,20000,3030.73212790972,0.999950451800927,1.00129660511961,1.00001493294302,"diag_e",0.0215776927350612,8.5604148891412,326.92,7.90725901228891,1.73226381327112,8.51234096442332,3.92898277349002,9.75705634117488,0.962307587645738,0.0635428163325863
"ss_logistic",20,"stan.nuts",10,28,0.9,310.52,1220.02773082412,5923.53972378111,20000,2201.96944403878,0.999950185348793,1.00064557490472,1.00001936348292,"diag_e",0.0232453445692665,3.92898277349002,310.52,7.90725901228891,1.73226381327112,8.51234096442332,3.92898277349002,9.75705634117488,0.962307587645738,0.0635428163325863
"ss_logistic",13,"jags",7,28,0.5,16.77,11.5494827254649,1024.41793221223,20000,14.2712163751788,0.999950341740797,1.09494936017772,1.00061125354358,NA,NA,0.688699029544718,16.77,0.616618785180812,0.148300681806887,0.608076123270744,0.411870480903882,0.877075098656118,0.962307587645738,0.0635428163325863
"ss_logistic",15,"jags",8,28,0.5,18.02,14.0995308792069,678.884565829098,20000,8.19274066085636,0.999952418488803,1.03022152405351,1.00118511231051,NA,NA,0.782437895627465,18.02,0.616618785180812,0.148300681806887,0.608076123270744,0.411870480903882,0.877075098656118,0.962307587645738,0.0635428163325863
"ss_logistic",17,"jags",9,28,0.5,16.9000000000001,10.0124776112731,1005.73140227027,20000,10.7115940822501,0.99995287714545,1.15583819737834,1.00185682984203,NA,NA,0.59245429652503,16.9000000000001,0.616618785180812,0.148300681806887,0.608076123270744,0.411870480903882,0.877075098656118,0.962307587645738,0.0635428163325863
"ss_logistic",19,"jags",10,28,0.5,16.79,8.36204668870988,946.584405086653,20000,9.06582032878885,0.999952381151127,1.04269846184566,1.00050593653961,NA,NA,0.49803732511673,16.79,0.616618785180812,0.148300681806887,0.608076123270744,0.411870480903882,0.877075098656118,0.962307587645738,0.0635428163325863
"ss_logistic",11,"jags",6,28,0.5,17.1000000000004,10.0056321856176,903.785889929805,20000,8.38686906223243,0.999950834241621,1.00566213080653,1.00022407007993,NA,NA,0.585124689217392,17.1000000000004,0.616618785180812,0.148300681806887,0.608076123270744,0.411870480903882,0.877075098656118,0.962307587645738,0.0635428163325863
"ss_logistic",7,"jags",4,28,0.5,16.8499999999999,10.5093104577773,962.184026297156,20000,16.0990998650417,0.999953012868659,1.07635529005763,1.00050007920979,NA,NA,0.623697950016458,16.8499999999999,0.616618785180812,0.148300681806887,0.608076123270744,0.411870480903882,0.877075098656118,0.962307587645738,0.0635428163325863
"ss_logistic",9,"jags",5,28,0.5,16.9100000000001,11.4903593834216,991.323471060016,20000,13.1881071319805,0.999950417623514,1.06710460660758,1.00054814824129,NA,NA,0.679500850586723,16.9100000000001,0.616618785180812,0.148300681806887,0.608076123270744,0.411870480903882,0.877075098656118,0.962307587645738,0.0635428163325863
"ss_logistic_nc",2,"stan.nuts",1,28,0.95,199.940000000001,5586.44840751532,20000,20000,5804.89056663063,0.999950341975638,1.00010184108321,0.999983095538017,"diag_e",0.0176623229714315,27.940624224844,199.940000000001,25.2281394282732,2.32153983731496,25.4383065638789,21.1254491386429,27.940624224844,0.961214219413037,0.0416137109563812
"ss_logistic_nc",4,"stan.nuts",2,28,0.95,201.32,4800.66875236382,20000,20000,4924.03563628194,0.999949999009663,1.0001174067559,0.999961703259872,"diag_e",0.0142442230161095,23.8459604230272,201.32,25.2281394282732,2.32153983731496,25.4383065638789,21.1254491386429,27.940624224844,0.961214219413037,0.0416137109563812
"ss_logistic_nc",6,"stan.nuts",3,28,0.95,230.530000000001,5472.88775999288,17501.9562107312,20000,5427.21757214751,0.999950001166883,1.00027998451408,0.999994081810741,"diag_e",0.0115220857520296,23.7404579013268,230.530000000001,25.2281394282732,2.32153983731496,25.4383065638789,21.1254491386429,27.940624224844,0.961214219413037,0.0416137109563812
"ss_logistic_nc",8,"stan.nuts",4,28,0.95,198.370000000001,4190.65534563261,20000,20000,4179.43475203123,0.999950105218396,1.0004531954567,1.00001967180514,"diag_e",0.0132724131383418,21.1254491386429,198.370000000001,25.2281394282732,2.32153983731496,25.4383065638789,21.1254491386429,27.940624224844,0.961214219413037,0.0416137109563812
"ss_logistic_nc",10,"stan.nuts",5,28,0.95,199.949999999999,5389.13542407047,20000,20000,5822.85258717481,0.999950027897289,1.00010193887723,0.999958836403269,"diag_e",0.0151850019354783,26.9524152241585,199.949999999999,25.2281394282732,2.32153983731496,25.4383065638789,21.1254491386429,27.940624224844,0.961214219413037,0.0416137109563812
"ss_logistic_nc",12,"stan.nuts",6,28,0.95,199.08,5560.16558904678,20000,20000,5482.85114529711,0.999950180764576,1.00057328932325,1.00000114243822,"diag_e",0.015929973335116,27.9293027378279,199.08,25.2281394282732,2.32153983731496,25.4383065638789,21.1254491386429,27.940624224844,0.961214219413037,0.0416137109563812
"ss_logistic_nc",14,"stan.nuts",7,28,0.95,195.469999999999,4985.90009479334,15462.961851365,20000,5547.48426157777,0.999950236463283,1.00034121409657,0.999977502189296,"diag_e",0.0209508843797822,25.5072394474516,195.469999999999,25.2281394282732,2.32153983731496,25.4383065638789,21.1254491386429,27.940624224844,0.961214219413037,0.0416137109563812
"ss_logistic_nc",16,"stan.nuts",8,28,0.95,233.66,5927.80785414032,20000,20000,6194.33659761904,0.999950153578454,1.0001896683736,0.999969296476026,"diag_e",0.0183285379818773,25.3693736803061,233.66,25.2281394282732,2.32153983731496,25.4383065638789,21.1254491386429,27.940624224844,0.961214219413037,0.0416137109563812
"ss_logistic_nc",18,"stan.nuts",9,28,0.95,190.140000000001,5158.93864833879,20000,20000,5265.08110960776,0.99995002974097,1.00010101279811,0.999979866753462,"diag_e",0.0199919906853684,27.1323164422991,190.140000000001,25.2281394282732,2.32153983731496,25.4383065638789,21.1254491386429,27.940624224844,0.961214219413037,0.0416137109563812
"ss_logistic_nc",20,"stan.nuts",10,28,0.95,266.65,6063.15571250831,20000,20000,6207.6866725542,0.999950015698757,1.00015960549056,0.999983814135803,"diag_e",0.0110905045016912,22.7382550628476,266.65,25.2281394282732,2.32153983731496,25.4383065638789,21.1254491386429,27.940624224844,0.961214219413037,0.0416137109563812
"ss_logistic_nc",13,"jags",7,28,0.5,18.6400000000012,8.4256947988648,1392.17142958001,20000,15.9756888381723,0.99995477751539,1.34861852769692,1.00103407595485,NA,NA,0.452022253157953,18.6400000000012,0.874281554750389,0.396606508255708,0.77148629232009,0.452022253157953,1.47357048195026,0.961214219413037,0.0416137109563812
"ss_logistic_nc",15,"jags",8,28,0.5,20.5300000000007,9.51543018852811,1424.29207271977,20000,7.1330585447975,0.999951262986659,1.52269893617143,1.00271737580322,NA,NA,0.463489049611681,20.5300000000007,0.874281554750389,0.396606508255708,0.77148629232009,0.452022253157953,1.47357048195026,0.961214219413037,0.0416137109563812
"ss_logistic_nc",17,"jags",9,28,0.5,18.5499999999993,17.6158418752577,1700.62201562916,20000,14.052441052907,0.999968967674192,1.0816336427532,1.00071299627435,NA,NA,0.949641071442501,18.5499999999993,0.874281554750389,0.396606508255708,0.77148629232009,0.452022253157953,1.47357048195026,0.961214219413037,0.0416137109563812
"ss_logistic_nc",19,"jags",10,28,0.5,18.5400000000009,27.3199967353591,1753.58929535614,20000,21.2880690638268,0.999950563482787,1.00563106433181,1.00010240025906,NA,NA,1.47357048195026,18.5400000000009,0.874281554750389,0.396606508255708,0.77148629232009,0.452022253157953,1.47357048195026,0.961214219413037,0.0416137109563812
"ss_logistic_nc",3,"jags",2,28,0.5,18.6599999999999,11.7734548147697,1583.57712923623,20000,8.59092977972209,0.999950006351462,1.00734528429924,1.00009355632677,NA,NA,0.63094613155251,18.6599999999999,0.874281554750389,0.396606508255708,0.77148629232009,0.452022253157953,1.47357048195026,0.961214219413037,0.0416137109563812
"ss_logistic_nc",5,"jags",3,28,0.5,18.4300000000003,12.0285995448661,1647.70995228152,20000,13.7615868077067,0.99995003357871,1.28609830492195,1.0009505553595,NA,NA,0.652664109867927,18.4300000000003,0.874281554750389,0.396606508255708,0.77148629232009,0.452022253157953,1.47357048195026,0.961214219413037,0.0416137109563812
"ss_logistic_nc",7,"jags",4,28,0.5,18.75,16.6932839019797,1728.27091991103,20000,17.7605222120362,0.999950103617531,1.0019426840521,1.00008831374208,NA,NA,0.890308474772253,18.75,0.874281554750389,0.396606508255708,0.77148629232009,0.452022253157953,1.47357048195026,0.961214219413037,0.0416137109563812
"ss_logistic_nc",1,"jags",1,28,0.5,18.5699999999997,24.4471534302959,1931.60887111816,20000,17.784109308699,0.999950457960994,1.00654519059605,1.0003295715903,NA,NA,1.31648645289694,18.5699999999997,0.874281554750389,0.396606508255708,0.77148629232009,0.452022253157953,1.47357048195026,0.961214219413037,0.0416137109563812
"ss_logistic_nc",11,"jags",6,28,0.5,18.5,9.57392416641641,1640.81242493741,20000,12.9133237724037,0.999951765333888,1.10968139353495,1.00053325939965,NA,NA,0.517509414400887,18.5,0.874281554750389,0.396606508255708,0.77148629232009,0.452022253157953,1.47357048195026,0.961214219413037,0.0416137109563812
"ss_logistic_nc",9,"jags",5,28,0.5,18.6799999999985,26.0806070546542,1525.41103375555,20000,15.5838289378274,0.99995068218673,1.06850585796483,1.00060036579308,NA,NA,1.39617810785098,18.6799999999985,0.874281554750389,0.396606508255708,0.77148629232009,0.452022253157953,1.47357048195026,0.961214219413037,0.0416137109563812
"swallows",1,"jags",1,177,0.5,1171.28,198.975854916406,5404.3225789481,20000,228.952361244884,0.999950001928287,1.01321030984686,1.00014684388023,NA,NA,0.169878982750842,1171.28,0.117061573817562,0.0450568666664749,0.118265030260441,0.0394942125609259,0.170722709234003,0.90424554564327,0.0299372407242086
"swallows",3,"jags",2,177,0.5,1014.88,111.040479745553,4789.11236900235,20000,106.746248660364,0.999949998779171,1.00373026968179,1.00000790330792,NA,NA,0.109412422892907,1014.88,0.117061573817562,0.0450568666664749,0.118265030260441,0.0394942125609259,0.170722709234003,0.90424554564327,0.0299372407242086
"swallows",5,"jags",3,177,0.5,1061.91,115.440424922123,4457.43423413775,20000,158.524278741463,0.999950001703699,1.00343086745226,1.00010857141137,NA,NA,0.108710177813678,1061.91,0.117061573817562,0.0450568666664749,0.118265030260441,0.0394942125609259,0.170722709234003,0.90424554564327,0.0299372407242086
"swallows",7,"jags",4,177,0.5,943.139999999999,72.6369968909095,4564.82280268668,20000,166.868110666374,0.999950018688527,1.02627683516286,1.00017405244711,NA,NA,0.0770161342864363,943.139999999999,0.117061573817562,0.0450568666664749,0.118265030260441,0.0394942125609259,0.170722709234003,0.90424554564327,0.0299372407242086
"swallows",9,"jags",5,177,0.5,941.479999999996,119.678713473987,4400.51139125847,20000,155.609194695388,0.999950038743177,1.00294761978316,1.00007358804961,NA,NA,0.127117637627976,941.479999999996,0.117061573817562,0.0450568666664749,0.118265030260441,0.0394942125609259,0.170722709234003,0.90424554564327,0.0299372407242086
"swallows",11,"jags",6,177,0.5,948.779999999999,153.546447767416,4240.0626374043,20000,165.256019333817,0.99995029519511,1.00752533590156,1.00005585793864,NA,NA,0.161835670827184,948.779999999999,0.117061573817562,0.0450568666664749,0.118265030260441,0.0394942125609259,0.170722709234003,0.90424554564327,0.0299372407242086
"swallows",13,"jags",7,177,0.5,949.799999999988,162.152429230454,5147.65150154532,20000,208.238712347605,0.999950016331026,1.00348741171549,1.00004491019341,NA,NA,0.170722709234003,949.799999999988,0.117061573817562,0.0450568666664749,0.118265030260441,0.0394942125609259,0.170722709234003,0.90424554564327,0.0299372407242086
"swallows",15,"jags",8,177,0.5,966.360000000001,132.965078240874,4581.71957217946,20000,225.25850354391,0.999950048320806,1.00928734992078,1.0001177117084,NA,NA,0.137593731363957,966.360000000001,0.117061573817562,0.0450568666664749,0.118265030260441,0.0394942125609259,0.170722709234003,0.90424554564327,0.0299372407242086
"swallows",17,"jags",9,177,0.5,971.720000000001,38.377316229703,4718.23138892677,20000,116.582270194389,0.999950001568871,1.01008106416355,1.00002633354549,NA,NA,0.0394942125609259,971.720000000001,0.117061573817562,0.0450568666664749,0.118265030260441,0.0394942125609259,0.170722709234003,0.90424554564327,0.0299372407242086
"swallows",19,"jags",10,177,0.5,984.619999999995,67.775390993093,4377.44303839299,20000,93.6119140181175,0.999950005169917,1.06643646030828,1.00024917441895,NA,NA,0.0688340588177097,984.619999999995,0.117061573817562,0.0450568666664749,0.118265030260441,0.0394942125609259,0.170722709234003,0.90424554564327,0.0299372407242086
"swallows",2,"stan.nuts",1,177,0.9,11084.19,389.945527644072,20000,20000,569.257639599358,0.999949999338062,1.00065984194489,0.99997456479234,"diag_e",0.133567038986105,0.0351803359238765,11084.19,0.0289564413077165,0.0188051330874497,0.025885150410639,0.0038045109219527,0.0548031679057076,0.90424554564327,0.0299372407242086
"swallows",4,"stan.nuts",2,177,0.9,11815.81,223.413926218668,10529.3791818827,20000,342.33656083577,0.999950002767455,1.00233208983508,1.00000519179488,"diag_e",0.108088126102946,0.0189080499956133,11815.81,0.0289564413077165,0.0188051330874497,0.025885150410639,0.0038045109219527,0.0548031679057076,0.90424554564327,0.0299372407242086
"swallows",6,"stan.nuts",3,177,0.9,22670.89,86.2516486153881,20000,20000,121.375050442348,0.999950139312196,1.03096626846743,1.00003454619849,"diag_e",0.0420389652613004,0.0038045109219527,22670.89,0.0289564413077165,0.0188051330874497,0.025885150410639,0.0038045109219527,0.0548031679057076,0.90424554564327,0.0299372407242086
"swallows",8,"stan.nuts",4,177,0.9,9356.45,76.5362977028926,20000,20000,154.867918612625,0.999950054795492,1.01381317597943,1.00005412899532,"diag_e",0.143351295658502,0.00818005736180844,9356.45,0.0289564413077165,0.0188051330874497,0.025885150410639,0.0038045109219527,0.0548031679057076,0.90424554564327,0.0299372407242086
"swallows",10,"stan.nuts",5,177,0.9,9167.91999999999,133.81143494013,20000,20000,191.010300676415,0.999950011971633,1.02687579254933,1.00005113705601,"diag_e",0.147074533866559,0.0145956154656814,9167.91999999999,0.0289564413077165,0.0188051330874497,0.025885150410639,0.0038045109219527,0.0548031679057076,0.90424554564327,0.0299372407242086
"swallows",12,"stan.nuts",6,177,0.9,9268.58,175.251073258547,20000,20000,204.73210592995,0.999949998750008,1.0072419297823,1.00003149550936,"diag_e",0.116289766721435,0.0189080822799768,9268.58,0.0289564413077165,0.0188051330874497,0.025885150410639,0.0038045109219527,0.0548031679057076,0.90424554564327,0.0299372407242086
"swallows",14,"stan.nuts",7,177,0.9,9443.86,473.482457696035,20000,20000,641.63683198567,0.999950005397851,1.00396023640964,1.00005696782857,"diag_e",0.141614318932553,0.0501365392642452,9443.86,0.0289564413077165,0.0188051330874497,0.025885150410639,0.0038045109219527,0.0548031679057076,0.90424554564327,0.0299372407242086
"swallows",16,"stan.nuts",8,177,0.9,9427.84000000001,491.999706577825,20000,20000,580.322565095409,0.999949999468912,1.00250765270231,1.00007338357786,"diag_e",0.143319643465869,0.0521858354170016,9427.84000000001,0.0289564413077165,0.0188051330874497,0.025885150410639,0.0038045109219527,0.0548031679057076,0.90424554564327,0.0299372407242086
"swallows",18,"stan.nuts",9,177,0.9,9232.5,505.970247689445,20000,20000,547.106473915038,0.999950010919016,1.00213431903086,1.00002441757347,"diag_e",0.149785894591251,0.0548031679057076,9232.5,0.0289564413077165,0.0188051330874497,0.025885150410639,0.0038045109219527,0.0548031679057076,0.90424554564327,0.0299372407242086
"swallows",20,"stan.nuts",10,177,0.9,9432.53999999999,309.974190879565,14001.3228702963,20000,338.355025173139,0.999949999080341,1.00376020080905,1.00002578665989,"diag_e",0.107622613551022,0.0328622185413012,9432.53999999999,0.0289564413077165,0.0188051330874497,0.025885150410639,0.0038045109219527,0.0548031679057076,0.90424554564327,0.0299372407242086
"swallows_nc",12,"stan.nuts",6,177,0.9,10232.44,1027.00753407344,20000,20000,1012.30887289944,0.999950034247227,1.00059907362005,0.999975492378267,"diag_e",0.116005123566453,0.10036780416728,10232.44,0.102397703525031,0.032795502111617,0.0921231129277599,0.0607561830350632,0.169407700788879,0.808870258518553,0.0252622730350982
"swallows_nc",10,"stan.nuts",5,177,0.9,10311.81,626.506215782795,20000,20000,691.657362567974,0.999950001958356,1.00072175465508,0.999980642460256,"diag_e",0.130227483910717,0.0607561830350632,10311.81,0.102397703525031,0.032795502111617,0.0921231129277599,0.0607561830350632,0.169407700788879,0.808870258518553,0.0252622730350982
"swallows_nc",20,"stan.nuts",10,177,0.9,11252.54,1022.35577795673,14740.783417975,20000,1060.3896741841,0.999949999893649,1.00278158890053,0.999998502444313,"diag_e",0.0963482461880149,0.0908555559861804,11252.54,0.102397703525031,0.032795502111617,0.0921231129277599,0.0607561830350632,0.169407700788879,0.808870258518553,0.0252622730350982
"swallows_nc",14,"stan.nuts",7,177,0.9,11633.46,1020.85887224255,15436.7910813367,20000,1208.30570631285,0.999949998824371,1.00226966863714,1.00000186537426,"diag_e",0.0953626340706347,0.0877519561886619,11633.46,0.102397703525031,0.032795502111617,0.0921231129277599,0.0607561830350632,0.169407700788879,0.808870258518553,0.0252622730350982
"swallows_nc",16,"stan.nuts",8,177,0.9,10505.99,1779.79561041096,20000,20000,1794.23664867205,0.99995000399533,1.00037609681684,0.999975079979407,"diag_e",0.153277505260922,0.169407700788879,10505.99,0.102397703525031,0.032795502111617,0.0921231129277599,0.0607561830350632,0.169407700788879,0.808870258518553,0.0252622730350982
"swallows_nc",18,"stan.nuts",9,177,0.9,10552.19,1492.89718403687,20000,20000,1663.91628247092,0.999950006273598,1.00127783273846,1.00000247898388,"diag_e",0.122259075304822,0.14147747377908,10552.19,0.102397703525031,0.032795502111617,0.0921231129277599,0.0607561830350632,0.169407700788879,0.808870258518553,0.0252622730350982
"swallows_nc",2,"stan.nuts",1,177,0.9,11790.9,1053.10742227943,20000,20000,1053.50280214192,0.999950054024087,1.00177987148597,0.999994603662509,"diag_e",0.107449228301697,0.0893152704441079,11790.9,0.102397703525031,0.032795502111617,0.0921231129277599,0.0607561830350632,0.169407700788879,0.808870258518553,0.0252622730350982
"swallows_nc",4,"stan.nuts",2,177,0.9,11321.89,1057.35889128697,20000,20000,1238.79810268126,0.999950035947891,1.00123419880705,0.999974248209713,"diag_e",0.137500655626168,0.0933906698693394,11321.89,0.102397703525031,0.032795502111617,0.0921231129277599,0.0607561830350632,0.169407700788879,0.808870258518553,0.0252622730350982
"swallows_nc",6,"stan.nuts",3,177,0.9,11209.28,1345.8766083781,20000,20000,1499.24541650621,0.999949999191417,1.00072401039297,0.99997584130984,"diag_e",0.128482520240491,0.120068069347728,11209.28,0.102397703525031,0.032795502111617,0.0921231129277599,0.0607561830350632,0.169407700788879,0.808870258518553,0.0252622730350982
"swallows_nc",8,"stan.nuts",4,177,0.9,11340.55,800.488050136212,14897.0082288839,20000,895.285008095993,0.999950029491754,1.0050621624589,1.00002734537684,"diag_e",0.0985336326341707,0.0705863516439866,11340.55,0.102397703525031,0.032795502111617,0.0921231129277599,0.0607561830350632,0.169407700788879,0.808870258518553,0.0252622730350982
"swallows_nc",1,"jags",1,177,0.5,1529.01,70.2726266266822,7718.88681623575,20000,144.373210135873,0.999949999662267,1.00787241979154,1.00002200240402,NA,NA,0.045959559863364,1529.01,0.0956276283949109,0.0384041585838159,0.09516418147637,0.0391009355584048,0.159501769855561,0.808870258518553,0.0252622730350982
"swallows_nc",3,"jags",2,177,0.5,1333.16,127.743894477263,7911.47271351033,20000,218.737603596656,0.999950015528163,1.00660987494287,1.00004984031301,NA,NA,0.095820377507023,1333.16,0.0956276283949109,0.0384041585838159,0.09516418147637,0.0391009355584048,0.159501769855561,0.808870258518553,0.0252622730350982
"swallows_nc",5,"jags",3,177,0.5,1438.34,215.316132201711,7592.06237621458,20000,207.538053883402,0.999949999012995,1.00235640591348,1.00002677084839,NA,NA,0.14969765994251,1438.34,0.0956276283949109,0.0384041585838159,0.09516418147637,0.0391009355584048,0.159501769855561,0.808870258518553,0.0252622730350982
"swallows_nc",7,"jags",4,177,0.5,1347.45,141.193688533118,7924.22437124633,20000,152.870395945437,0.999950018340809,1.00187980159773,1.00001067377716,NA,NA,0.104785846252639,1347.45,0.0956276283949109,0.0384041585838159,0.09516418147637,0.0391009355584048,0.159501769855561,0.808870258518553,0.0252622730350982
"swallows_nc",9,"jags",5,177,0.5,1263.71999999999,201.565576601868,7950.9943949667,20000,329.016147537405,0.999950030169973,1.0012572146041,1.0000356254196,NA,NA,0.159501769855561,1263.71999999999,0.0956276283949109,0.0384041585838159,0.09516418147637,0.0391009355584048,0.159501769855561,0.808870258518553,0.0252622730350982
"swallows_nc",11,"jags",6,177,0.5,1265.89,129.515535505906,7817.22609258145,20000,165.326506338206,0.999950084495874,1.00421171480232,1.00003588389052,NA,NA,0.102311840290947,1265.89,0.0956276283949109,0.0384041585838159,0.09516418147637,0.0391009355584048,0.159501769855561,0.808870258518553,0.0252622730350982
"swallows_nc",13,"jags",7,177,0.5,1291.84,116.439084424155,7688.64637996872,20000,128.345111989958,0.999949998914653,1.0019748343461,1.00001155954107,NA,NA,0.0901342925007391,1291.84,0.0956276283949109,0.0384041585838159,0.09516418147637,0.0391009355584048,0.159501769855561,0.808870258518553,0.0252622730350982
"swallows_nc",15,"jags",8,177,0.5,1283.08,121.261305965691,8051.76450168968,20000,151.521625350444,0.999949998752122,1.01786579864246,1.00003452578877,NA,NA,0.0945079854457169,1283.08,0.0956276283949109,0.0384041585838159,0.09516418147637,0.0391009355584048,0.159501769855561,0.808870258518553,0.0252622730350982
"swallows_nc",17,"jags",9,177,0.5,1290.09000000001,50.4437259545429,7881.93957046434,20000,76.3235144961801,0.999950003078893,1.00705981372665,1.00001470624891,NA,NA,0.0391009355584048,1290.09000000001,0.0956276283949109,0.0384041585838159,0.09516418147637,0.0391009355584048,0.159501769855561,0.808870258518553,0.0252622730350982
"swallows_nc",19,"jags",10,177,0.5,1321.83,98.4181965971303,7633.29890616785,20000,128.529012473006,0.999950072397923,1.00750779359301,1.00008829153939,NA,NA,0.0744560167322047,1321.83,0.0956276283949109,0.0384041585838159,0.09516418147637,0.0391009355584048,0.159501769855561,0.808870258518553,0.0252622730350982
