"","platform","seed","Npar","delta.target","time","minESS","medianESS","Nsims","minESS.coda","Rhat.min","Rhat.max","Rhat.median","metric","eps.final","samples.per.time","time.total","model","cor"
"1","jags",59189,2,0.5,0.720000000000027,11603.3040536238,11993.9086615256,20000,11635.3154284203,0.99995012760268,1.00065794141206,1.00030403450737,NA,NA,16115.7000744768,0.720000000000027,"mvnd",0
"2","stan.nuts",59189,2,0.8,0.550000000000011,12014.6646695211,13857.2839953942,20000,11995.9895568532,0.999950271415668,1.00009674646585,0.999994580841428,"diag_e",1.26436513275344,21844.8448536742,0.550000000000011,"mvnd",0
"3","jags",33032,2,0.5,0.689999999999998,12426.1056577831,12545.0571500337,20000,12437.8866784342,0.999954291696257,1.00000810249676,0.999981197096508,NA,NA,18008.8487793958,0.689999999999998,"mvnd",0
"4","stan.nuts",33032,2,0.8,0.5,9690.31575608534,12598.4041857967,20000,9820.63276214475,0.999968732868012,1.00004358292651,1.00000222225512,"diag_e",1.39879191533125,19380.6315121707,0.5,"mvnd",0
"5","jags",19139,2,0.5,0.689999999999998,10627.8055318666,11670.8816251883,20000,12222.0548565652,0.999954864160857,1.00029014824658,1.00012250620372,NA,NA,15402.6167128502,0.689999999999998,"mvnd",0
"6","stan.nuts",19139,2,0.8,0.519999999999982,11734.5491289503,13996.3442322661,20000,11814.7278722018,0.999952663051582,0.999969462922866,0.999956723452758,"diag_e",1.28842880108863,22566.4406325974,0.519999999999982,"mvnd",0
"7","jags",78362,2,0.5,0.67999999999995,12481.3166004365,12512.4731372304,20000,12340.3811317456,0.999962175155622,1.0000434072976,1.00000279122661,NA,NA,18354.8773535845,0.67999999999995,"mvnd",0
"8","stan.nuts",78362,2,0.8,0.53000000000003,10417.7578175315,12122.2866703842,20000,10805.6137237887,0.999973126749022,1.00078280340209,1.00010104571067,"diag_e",1.35736257667191,19656.1468255301,0.53000000000003,"mvnd",0
"9","jags",61413,2,0.5,0.710000000000036,12320.0898145109,12498.8538475599,20000,12599.4695618124,1.00001686535939,1.0002042019969,1.00011053367814,NA,NA,17352.2391753666,0.710000000000036,"mvnd",0
"10","stan.nuts",61413,2,0.8,0.529999999999973,10440.8969841638,12343.0755468816,20000,10748.1975359018,1.00000465355739,1.00013285618468,1.00001255434323,"diag_e",1.37432141178512,19699.8056304987,0.529999999999973,"mvnd",0
"11","jags",72018,2,0.5,0.659999999999968,11429.7961088797,11527.4785232162,20000,11873.8143589937,0.999963156542949,0.999990810859448,0.999976983701198,NA,NA,17317.8728922428,0.659999999999968,"mvnd",0
"12","stan.nuts",72018,2,0.8,0.5,10622.1187858582,12860.7699444634,20000,10481.5975950613,0.999954011490411,0.999966623902724,0.999959860772958,"diag_e",1.38593247959864,21244.2375717163,0.5,"mvnd",0
"13","jags",66788,2,0.5,0.649999999999977,12056.8568448402,12447.8784985521,20000,12696.6752363044,0.999966301785792,1.00001029210352,0.999988296944658,NA,NA,18549.010530524,0.649999999999977,"mvnd",0
"14","stan.nuts",66788,2,0.8,0.569999999999993,12023.9828829189,15975.5863290854,20000,11997.5576195453,0.99995106564006,1.00000966003152,0.999987128202291,"diag_e",1.17097412541621,21094.7068121387,0.569999999999993,"mvnd",0
"15","jags",19639,2,0.5,0.649999999999977,12326.8363701572,12391.880640756,20000,12353.7872215256,0.999995185135046,1.00015848070285,1.00007683291895,NA,NA,18964.3636463963,0.649999999999977,"mvnd",0
"16","stan.nuts",19639,2,0.8,0.510000000000048,10975.3310152542,13091.0608056482,20000,11506.3765704278,0.999952336655964,1.00002287263982,0.999969097625289,"diag_e",1.3470686858033,21520.2568926534,0.510000000000048,"mvnd",0
"17","jags",68716,2,0.5,0.649999999999977,12475.6651504172,12478.9971890952,20000,12477.5082402986,0.999965382631465,1.00003623583496,1.00000080923321,NA,NA,19193.3310006426,0.649999999999977,"mvnd",0
"18","stan.nuts",68716,2,0.8,0.510000000000048,9437.50699007362,11229.9349304675,20000,8797.61413083129,0.999964556125447,1.00006659094256,0.999970148853872,"diag_e",1.41456630188616,18504.9156668093,0.510000000000048,"mvnd",0
"19","jags",34163,2,0.5,0.670000000000016,11903.1430297382,12047.2590792498,20000,12130.4134917911,0.999962288062849,1.00004695304367,1.00000462055326,NA,NA,17765.8851190118,0.670000000000016,"mvnd",0
"20","stan.nuts",34163,2,0.8,0.529999999999973,12258.988916445,13080.3842128123,20000,12366.4236336962,0.999991786889591,1.00008609875574,1.00005736687779,"diag_e",1.22728781336389,23130.1677668786,0.529999999999973,"mvnd",0
"21","jags",52953,2,0.5,0.660000000000025,11737.3003583737,12333.1671377981,20000,11737.6958814968,0.999954607745678,0.999969226657736,0.999961917201707,NA,NA,17783.7884217776,0.660000000000025,"mvnd",0
"22","stan.nuts",52953,2,0.8,0.480000000000018,9418.11925903744,11944.017385528,20000,9453.4987649654,0.999977866918938,1.00022112171764,1.00017752758714,"diag_e",1.44313184413754,19621.0817896606,0.480000000000018,"mvnd",0
"23","jags",75834,2,0.5,0.669999999999959,12677.47671034,12974.3794078349,20000,12508.575442083,0.999949999058873,0.999991436554228,0.999970717806551,NA,NA,18921.6070303593,0.669999999999959,"mvnd",0
"24","stan.nuts",75834,2,0.8,0.549999999999955,10015.0993549608,12042.8622291323,20000,9951.02188131105,0.999955872581415,1.00021070058374,0.99996849430487,"diag_e",1.40598724624156,18209.2715544757,0.549999999999955,"mvnd",0
"25","jags",23712,2,0.5,0.699999999999989,11827.0016273239,11984.1397822607,20000,11766.7661502928,0.999967759513597,1.00005715174489,1.00001245562924,NA,NA,16895.716610463,0.699999999999989,"mvnd",0
"26","stan.nuts",23712,2,0.8,0.5,10346.7993800661,13149.8125466031,20000,9870.06938001525,0.999987002740704,1.00027257129163,0.999987369730554,"diag_e",1.34131387663249,20693.5987601321,0.5,"mvnd",0
"27","jags",80542,2,0.5,0.75,12482.8084189031,12494.5145122978,20000,12444.6383241817,0.999952328398494,0.999994802206428,0.999973565302461,NA,NA,16643.7445585374,0.75,"mvnd",0
"28","stan.nuts",80542,2,0.8,0.550000000000011,10933.8035987477,12342.3154053264,20000,10722.7409829397,0.999949999241321,1.0000469075385,0.999980568691689,"diag_e",1.34064898118832,19879.6429068136,0.550000000000011,"mvnd",0
"29","jags",38632,2,0.5,0.669999999999959,11411.1723317282,11578.3835816759,20000,11992.7615959554,0.999965536673481,0.999970431572229,0.999967984122855,NA,NA,17031.6004951178,0.669999999999959,"mvnd",0
"30","stan.nuts",38632,2,0.8,0.529999999999973,12305.6099308852,13305.45039323,20000,12427.2872427295,0.999950856683637,0.999965488804654,0.999959529757274,"diag_e",1.24540896292935,23218.1319450676,0.529999999999973,"mvnd",0
"31","jags",47339,2,0.5,0.670000000000016,12391.6500235995,12584.0367142835,20000,12853.1558060421,0.999950380157251,0.999996620176803,0.999973500167027,NA,NA,18495.0000352227,0.670000000000016,"mvnd",0
"32","stan.nuts",47339,2,0.8,0.519999999999982,9960.8908312583,11430.3682783481,20000,10128.1010897126,0.999960817451096,1.00008273966192,1.00002447823789,"diag_e",1.44733100574718,19155.559290882,0.519999999999982,"mvnd",0
"33","jags",54263,2,0.5,0.640000000000043,11654.2690196869,11694.5042232412,20000,12324.8748896154,0.999960172558807,1.00031628969138,1.00013823112509,NA,NA,18209.7953432595,0.640000000000043,"mvnd",0
"34","stan.nuts",54263,2,0.8,0.5,10703.6926095841,13895.8019849353,20000,10822.9571209008,0.999968692744731,1.00008016420807,0.999993800737361,"diag_e",1.29371082330899,21407.3852191682,0.5,"mvnd",0
"35","jags",15202,2,0.5,0.660000000000025,11835.1320453003,11835.9594043954,20000,12046.0913526776,0.999950038603762,0.999950237330328,0.999950137967045,NA,NA,17932.0182504544,0.660000000000025,"mvnd",0
"36","stan.nuts",15202,2,0.8,0.529999999999973,9768.3422134503,12314.5528968568,20000,9655.05667635453,0.999974516934527,1.00022552942261,1.00007224640815,"diag_e",1.41500044598706,18430.8343650015,0.529999999999973,"mvnd",0
"37","jags",26482,2,0.5,0.659999999999968,11826.1070040788,11898.4276931201,20000,11885.7953267619,0.999975004074895,0.999996372718464,0.99998568839668,NA,NA,17918.3439455748,0.659999999999968,"mvnd",0
"38","stan.nuts",26482,2,0.8,0.5,8874.43463652913,9724.93508597523,20000,9433.29008890296,0.999953130461782,1.00026728001093,1.00002154297164,"diag_e",1.45412092831658,17748.8692730583,0.5,"mvnd",0
"39","jags",32386,2,0.5,0.689999999999998,12239.3309043146,12511.1286849114,20000,12369.4869796952,0.999989345740578,1.00000918225036,0.999999263995469,NA,NA,17738.1607308908,0.689999999999998,"mvnd",0
"40","stan.nuts",32386,2,0.8,0.519999999999982,10791.316362923,12800.3051025622,20000,11573.4453620854,0.999952859415265,1.00008179291492,0.99995954211499,"diag_e",1.24304956772148,20752.5314671602,0.519999999999982,"mvnd",0
"41","jags",59189,2,0.5,0.699999999999989,11756.5215772875,11815.7331442159,20000,11799.2237794205,1.0001893927059,1.00021843116358,1.00020391193474,NA,NA,16795.0308246967,0.699999999999989,"mvnd",1
"42","stan.nuts",59189,2,0.8,0.5,10301.8729785697,12265.4945936579,20000,10406.964470275,0.999950602918107,1.00002164212861,0.999958258785509,"diag_e",1.36360088810593,20603.7459571395,0.5,"mvnd",1
"43","jags",33032,2,0.5,0.779999999999973,10774.8010755258,11727.7890115855,20000,11908.8458931024,1.00008102414397,1.00042717151185,1.00025409782791,NA,NA,13813.8475327258,0.779999999999973,"mvnd",1
"44","stan.nuts",33032,2,0.8,0.509999999999991,10815.0347259732,14179.3620210306,20000,11251.5293294175,0.999957019959001,1.00008272256525,0.999967786335278,"diag_e",1.22367962157519,21205.9504430851,0.509999999999991,"mvnd",1
"45","jags",19139,2,0.5,0.689999999999998,12034.8997607469,12170.1296255713,20000,12302.9855037569,0.999955690484536,0.999988098347641,0.999971894416088,NA,NA,17441.8837112274,0.689999999999998,"mvnd",1
"46","stan.nuts",19139,2,0.8,0.509999999999991,9874.4567604511,12673.9377978159,20000,10618.3392578089,0.999951778234533,0.999968903564107,0.999968642326146,"diag_e",1.34809339552519,19361.6799224535,0.509999999999991,"mvnd",1
"47","jags",78362,2,0.5,0.670000000000016,11688.177512201,12238.7768380228,20000,12311.617264477,0.999958856329247,1.00001555919955,0.9999872077644,NA,NA,17445.0410629862,0.670000000000016,"mvnd",1
"48","stan.nuts",78362,2,0.8,0.5,10715.4633895402,11933.3607611117,20000,10810.8139658277,0.999950087252659,1.00012455253464,0.999977637642255,"diag_e",1.36839112175703,21430.9267790804,0.5,"mvnd",1
"49","jags",61413,2,0.5,0.740000000000009,12117.9106095762,12211.6718090714,20000,12095.0655567551,0.999950801367006,0.999994110388501,0.999972455877753,NA,NA,16375.5548778055,0.740000000000009,"mvnd",1
"50","stan.nuts",61413,2,0.8,0.480000000000018,10180.7665253243,11794.6404258072,20000,10094.7536254891,0.999983403882044,1.00003932155131,1.0000358663852,"diag_e",1.40490819799151,21209.9302610915,0.480000000000018,"mvnd",1
"51","jags",72018,2,0.5,0.689999999999998,10695.9677383703,10828.3646190171,20000,10971.4472173547,1.00015442837741,1.00020834476042,1.00018138656891,NA,NA,15501.4025193772,0.689999999999998,"mvnd",1
"52","stan.nuts",72018,2,0.8,0.5,9916.09424959196,11776.3363765224,20000,10080.8928244932,0.999950408341287,1.00033881763706,0.99999979337818,"diag_e",1.40464592541194,19832.1884991839,0.5,"mvnd",1
"53","jags",66788,2,0.5,0.700000000000045,12373.0601990357,12533.1509968536,20000,12517.1737120676,0.999996649538126,1.00009631326252,1.00004648140033,NA,NA,17675.8002843356,0.700000000000045,"mvnd",1
"54","stan.nuts",66788,2,0.8,0.519999999999982,9760.24660414984,12374.4963398848,20000,9616.01888563708,0.999950948622901,1.00001922864564,0.999958858878441,"diag_e",1.37572057011406,18769.7050079811,0.519999999999982,"mvnd",1
"55","jags",19639,2,0.5,0.689999999999998,12256.7722679577,12264.1656350242,20000,12099.7571651722,0.999950003880309,0.999950833406584,0.999950418643446,NA,NA,17763.4380695039,0.689999999999998,"mvnd",1
"56","stan.nuts",19639,2,0.8,0.529999999999973,10744.6715469906,12222.3464292317,20000,11120.7103043001,0.999950115726151,0.999968491108971,0.999950238750497,"diag_e",1.35084915632192,20272.9651830022,0.529999999999973,"mvnd",1
"57","jags",68716,2,0.5,0.689999999999998,11422.1467883611,11839.6463060343,20000,12129.0027939749,0.999981444223464,1.00051994205476,1.00025069313911,NA,NA,16553.8359251611,0.689999999999998,"mvnd",1
"58","stan.nuts",68716,2,0.8,0.53000000000003,10664.1967643276,13800.8806463732,20000,11437.4433623349,0.999977072285165,1.00005834152953,0.999987107146207,"diag_e",1.22790582907824,20121.1259704282,0.53000000000003,"mvnd",1
"59","jags",34163,2,0.5,0.699999999999989,11152.6494348484,11801.2389739563,20000,11890.3710547838,0.99997012050498,1.00000412737589,0.999987123940434,NA,NA,15932.3563354979,0.699999999999989,"mvnd",1
"60","stan.nuts",34163,2,0.8,0.539999999999964,11784.0398119172,13373.1925970072,20000,11875.4689001922,0.999950714276477,0.999968158918545,0.999956278210933,"diag_e",1.24438498657389,21822.2959479963,0.539999999999964,"mvnd",1
"61","jags",52953,2,0.5,0.689999999999998,12350.1530572404,12509.0803956415,20000,12139.7358558737,0.999950052598552,1.0002169260725,1.00008348933552,NA,NA,17898.7725467253,0.689999999999998,"mvnd",1
"62","stan.nuts",52953,2,0.8,0.529999999999973,11659.744591242,13669.6087967662,20000,11837.7727439563,0.99996125194935,1.00020226842039,0.999971571802028,"diag_e",1.23551189250295,21999.5180966842,0.529999999999973,"mvnd",1
"63","jags",75834,2,0.5,0.689999999999998,11083.3028868621,11396.429050376,20000,11646.5049366385,0.999985608448559,1.0001342764252,1.00005994243688,NA,NA,16062.7578070466,0.689999999999998,"mvnd",1
"64","stan.nuts",75834,2,0.8,0.539999999999964,10926.1697284585,12466.2957336784,20000,11052.6878478879,0.999953822232984,1.00031607862201,0.99998125894048,"diag_e",1.3552261449755,20233.6476452948,0.539999999999964,"mvnd",1
"65","jags",23712,2,0.5,0.699999999999932,11780.8789738682,11838.6861817173,20000,12108.6020943609,1.00002163337627,1.0000793793949,1.00005050638558,NA,NA,16829.8271055276,0.699999999999932,"mvnd",1
"66","stan.nuts",23712,2,0.8,0.5,10031.2385416341,12490.6745303781,20000,10054.4795985941,1.00006112134411,1.00058328885673,1.00021391097483,"diag_e",1.35559268507686,20062.4770832681,0.5,"mvnd",1
"67","jags",80542,2,0.5,0.689999999999941,10879.7815107029,11687.0593696224,20000,11749.9560805476,0.999953633860823,1.00016897111386,1.00006130248734,NA,NA,15767.7992908752,0.689999999999941,"mvnd",1
"68","stan.nuts",80542,2,0.8,0.5,10093.5004934778,12559.6364043265,20000,10239.9287983984,0.99997248005598,1.00008901111504,0.999990020911969,"diag_e",1.31729819427937,20187.0009869556,0.5,"mvnd",1
"69","jags",38632,2,0.5,0.669999999999959,12074.2637680206,12447.5037624795,20000,11862.5061527226,0.999966185465662,1.00010340573787,1.00003479560177,NA,NA,18021.2892060019,0.669999999999959,"mvnd",1
"70","stan.nuts",38632,2,0.8,0.539999999999964,9741.1324770793,11457.8448403747,20000,9747.26700042791,0.999953514291014,1.0004433976091,0.999992945270267,"diag_e",1.3836262346258,18039.1342168147,0.539999999999964,"mvnd",1
"71","jags",47339,2,0.5,0.740000000000009,12203.1938641784,12457.5800609101,20000,12313.7456973831,0.9999500126789,1.00017013384384,1.00006007326137,NA,NA,16490.8025191598,0.740000000000009,"mvnd",1
"72","stan.nuts",47339,2,0.8,0.5,9376.56219228172,11732.4912899826,20000,9361.4653793517,0.999964822185175,1.00025644629181,0.99999366655873,"diag_e",1.42432907495607,18753.1243845634,0.5,"mvnd",1
"73","jags",54263,2,0.5,0.699999999999932,11521.5238105414,11745.9945356347,20000,12183.7360032695,1.0001284517297,1.00041127043796,1.00026986108383,NA,NA,16459.3197293465,0.699999999999932,"mvnd",1
"74","stan.nuts",54263,2,0.8,0.529999999999973,9231.8846326864,11800.4402525845,20000,8170.6806317103,0.999963617198359,1.00014861995846,1.00009046342705,"diag_e",1.41900603486145,17418.6502503526,0.529999999999973,"mvnd",1
"75","jags",15202,2,0.5,0.689999999999941,11500.8913608146,11846.5072178362,20000,11661.0756065457,0.999953891340763,0.999958379746218,0.99995613554349,NA,NA,16667.9584939357,0.689999999999941,"mvnd",1
"76","stan.nuts",15202,2,0.8,0.529999999999973,8457.10125687552,11247.0686303223,20000,8697.66193065479,0.999951847760144,1.00027880280905,1.00001287082065,"diag_e",1.4720664796249,15956.7948242943,0.529999999999973,"mvnd",1
"77","jags",26482,2,0.5,0.690000000000055,12013.5314987542,12135.3346682199,20000,12048.1790644379,0.999953343908623,0.999996835565239,0.999975089736931,NA,NA,17410.9152155844,0.690000000000055,"mvnd",1
"78","stan.nuts",26482,2,0.8,0.5,10714.4955571093,12726.2646943418,20000,10922.0365750462,0.999950018125788,1.00031870432503,0.9999615692472,"diag_e",1.34009646613537,21428.9911142186,0.5,"mvnd",1
"79","jags",32386,2,0.5,0.669999999999959,11621.1430007268,12056.2814109923,20000,11703.2594781934,0.99995002129534,0.99995775327978,0.99995388728756,NA,NA,17344.9895533246,0.669999999999959,"mvnd",1
"80","stan.nuts",32386,2,0.8,0.519999999999982,10887.7900923705,13160.3997238477,20000,11276.9927260281,0.99995890055394,1.00015348552856,0.999963672301424,"diag_e",1.24254782685,20938.0578699439,0.519999999999982,"mvnd",1
"81","jags",59189,5,0.5,2.25,12291.2925840003,12686.5780625451,20000,12442.5496374156,0.999960418299807,1.00005587665062,0.99999120412877,NA,NA,5462.79670400014,2.25,"mvnd",0
"82","stan.nuts",59189,5,0.8,0.769999999999982,10189.2112399723,17789.4864090595,20000,10226.1438028197,0.999953112778657,1.00015574111914,0.999991276517701,"diag_e",1.09287189837659,13232.7418700942,0.769999999999982,"mvnd",0
"83","jags",33032,5,0.5,2.18999999999994,11127.8265695982,12104.9599155069,20000,11815.1524903915,0.999965297479061,1.00007882478335,0.999981659057701,NA,NA,5081.19934684864,2.18999999999994,"mvnd",0
"84","stan.nuts",33032,5,0.8,0.75,10065.4754219823,17846.7693591838,20000,10253.8147280144,0.999953196390695,1.00008493814213,1.00001678492826,"diag_e",1.10299913072024,13420.6338959764,0.75,"mvnd",0
"85","jags",19139,5,0.5,2.17000000000007,10899.8038405064,12102.6540511165,20000,12195.8627331045,0.999976634299356,1.00013763165539,1.0000588914456,NA,NA,5022.95107857423,2.17000000000007,"mvnd",0
"86","stan.nuts",19139,5,0.8,0.810000000000059,8836.62386872881,14759.6064437318,20000,8988.19281961274,0.999953796269853,1.00005274669844,1.00000237034683,"diag_e",1.15955287280802,10909.412183615,0.810000000000059,"mvnd",0
"87","jags",78362,5,0.5,2.21999999999991,11368.1236403717,12304.9913828027,20000,11538.2116180359,0.999952806191848,1.00007469115172,0.999989842964525,NA,NA,5120.77641458203,2.21999999999991,"mvnd",0
"88","stan.nuts",78362,5,0.8,0.809999999999945,9394.59526971129,17217.4591763748,20000,9848.28721418416,0.999966043891188,1.00003720180369,0.99998057715451,"diag_e",1.11688621440157,11598.2657650764,0.809999999999945,"mvnd",0
"89","jags",61413,5,0.5,2.18999999999994,11855.4319055797,12516.6254158964,20000,12006.350777026,0.999959885916015,1.0000537360659,1.00001160423357,NA,NA,5413.43922629224,2.18999999999994,"mvnd",0
"90","stan.nuts",61413,5,0.8,0.75,7496.7730505337,12106.758251701,20000,8103.14522158027,0.999950277858184,1.00002770462803,0.999958303475395,"diag_e",1.26964740405773,9995.6974007116,0.75,"mvnd",0
"91","jags",72018,5,0.5,2.36000000000001,11720.2526552836,12231.3651432859,20000,11543.1542140198,0.999950031499714,1.00016279104153,0.999982079487769,NA,NA,4966.20875223881,2.36000000000001,"mvnd",0
"92","stan.nuts",72018,5,0.8,0.799999999999955,10255.8083610751,16797.416279874,20000,10017.1601533136,0.999967006221869,1.00019851775666,1.00002023155166,"diag_e",1.12392668091126,12819.7604513446,0.799999999999955,"mvnd",0
"93","jags",66788,5,0.5,2.17000000000007,11656.0850206655,12246.1962421153,20000,11569.6568316799,0.999950028848529,1.00010596666856,0.999981793375948,NA,NA,5371.46775145856,2.17000000000007,"mvnd",0
"94","stan.nuts",66788,5,0.8,0.800000000000068,10537.2863836609,20000,20000,10910.8594888016,0.999950180447844,1.00020199506499,1.00002264497353,"diag_e",0.955363296740834,13171.6079795751,0.800000000000068,"mvnd",0
"95","jags",19639,5,0.5,2.20000000000005,11405.6741686419,12069.0149789883,20000,11550.9081305991,0.999950007173418,1.0000678011402,0.999974799212907,NA,NA,5184.39734938257,2.20000000000005,"mvnd",0
"96","stan.nuts",19639,5,0.8,0.75,9722.31088857241,16549.9507915876,20000,10090.8093842306,0.999950008456311,1.00006467613559,0.999960489860942,"diag_e",1.128858873657,12963.0811847632,0.75,"mvnd",0
"97","jags",68716,5,0.5,2.12,12064.2037967423,12258.2599258015,20000,11807.6781311359,0.999950391525849,1.00000387095238,0.999959314368677,NA,NA,5690.66216827465,2.12,"mvnd",0
"98","stan.nuts",68716,5,0.8,0.830000000000041,10425.9107619879,16351.4268675885,20000,10400.1024616504,0.999952009658113,0.999997754432901,0.999955868789141,"diag_e",1.12456726691938,12561.3382674547,0.830000000000041,"mvnd",0
"99","jags",34163,5,0.5,2.1400000000001,10930.4672893049,12405.2437227235,20000,11107.3048306061,0.999963753715088,1.00013578436482,1.00001402650018,NA,NA,5107.69499500204,2.1400000000001,"mvnd",0
"100","stan.nuts",34163,5,0.8,0.830000000000041,10674.743576734,17982.9092414459,20000,10682.9441677536,0.999962243586451,1.00017494590283,1.00003923244022,"diag_e",1.08863335038888,12861.1368394379,0.830000000000041,"mvnd",0
"101","jags",52953,5,0.5,2.12,12161.4283121097,12418.8097576696,20000,12274.7387213625,0.99995060265799,1.0002303105239,0.999979877645334,NA,NA,5736.52278873098,2.12,"mvnd",0
"102","stan.nuts",52953,5,0.8,0.780000000000086,9289.34926581038,15832.8924392678,20000,9491.88744402904,0.999950012038417,1.00015857584125,1.00000010314593,"diag_e",1.16874421185632,11909.422135653,0.780000000000086,"mvnd",0
"103","jags",75834,5,0.5,2.13999999999999,12270.8457454499,12544.7303737168,20000,12337.4352381032,0.999950490980695,1.00026027593222,1.0000382613923,NA,NA,5734.04006796728,2.13999999999999,"mvnd",0
"104","stan.nuts",75834,5,0.8,0.769999999999982,9983.10291803914,17736.9092379327,20000,9862.84309956534,0.999959524729559,1.00007467924211,1.00003953796491,"diag_e",1.08812782391323,12965.0687247265,0.769999999999982,"mvnd",0
"105","jags",23712,5,0.5,2.15999999999997,11800.3642874118,11977.6168024979,20000,11976.0701959736,0.999949998751701,1.00014746677254,0.99995798664198,NA,NA,5463.13161454256,2.15999999999997,"mvnd",0
"106","stan.nuts",23712,5,0.8,0.769999999999982,9575.28004234292,17141.6140535549,20000,10114.4245120568,0.999950329807171,1.00024084150895,0.999991747955874,"diag_e",1.11056256320751,12435.4286264197,0.769999999999982,"mvnd",0
"107","jags",80542,5,0.5,2.15999999999997,11802.9218103254,11900.1694247968,20000,11669.4643130341,0.999950006918219,1.00000283732753,0.999950359168157,NA,NA,5464.31565292849,2.15999999999997,"mvnd",0
"108","stan.nuts",80542,5,0.8,0.779999999999973,10780.1673570227,20000,20000,10833.8485541177,0.999950146184371,1.00009809075243,0.999958330078132,"diag_e",1.00546183289414,13820.7273807988,0.779999999999973,"mvnd",0
"109","jags",38632,5,0.5,2.13999999999999,12095.534905561,12702.382674579,20000,12045.2583821143,0.999966905496765,1.00012533258294,1.00004391926249,NA,NA,5652.11911474815,2.13999999999999,"mvnd",0
"110","stan.nuts",38632,5,0.8,0.75,10878.1236791246,19347.5030566736,20000,10863.6426574664,0.999951047045714,1.00001187968034,0.999967833700573,"diag_e",1.01775341355898,14504.1649054994,0.75,"mvnd",0
"111","jags",47339,5,0.5,2.31000000000006,11987.5955272478,12300.7471982883,20000,12142.2089362912,0.999950729392105,1.00044920879355,0.999966482421994,NA,NA,5189.43529318074,2.31000000000006,"mvnd",0
"112","stan.nuts",47339,5,0.8,0.759999999999991,9231.39461905632,15591.556146337,20000,9136.46215088132,0.999950250288279,1.00029161531413,0.999955370415178,"diag_e",1.17353281790052,12146.5718671795,0.759999999999991,"mvnd",0
"113","jags",54263,5,0.5,2.21999999999991,11265.8658287946,12513.4195397707,20000,12192.1623991174,0.999956823489724,1.00003208535954,0.999969236105684,NA,NA,5074.71433729508,2.21999999999991,"mvnd",0
"114","stan.nuts",54263,5,0.8,0.769999999999982,9896.5435352856,19798.2377006073,20000,10045.1293145568,0.999950214717279,1.00014626970548,0.999996832455069,"diag_e",1.03223552597887,12852.6539419297,0.769999999999982,"mvnd",0
"115","jags",15202,5,0.5,2.12,11673.0376252806,12075.3419601027,20000,11912.3777743143,0.999952329286831,1.00006975759109,0.999962211856246,NA,NA,5506.14982324558,2.12,"mvnd",0
"116","stan.nuts",15202,5,0.8,0.75,9455.10017323002,15490.2327970018,20000,9350.87700518129,0.999950573789174,1.00027279773737,0.999971422860289,"diag_e",1.15124664450268,12606.8002309734,0.75,"mvnd",0
"117","jags",26482,5,0.5,2.13,12031.7062383543,12249.8788013003,20000,12151.3568347532,0.999953826427017,0.999987013248994,0.999958587517252,NA,NA,5648.68837481426,2.13,"mvnd",0
"118","stan.nuts",26482,5,0.8,0.75,8602.33554670089,14838.6396572581,20000,9223.36369493601,0.99995015378604,1.00024412362694,1.00003178266482,"diag_e",1.17591871712909,11469.7807289345,0.75,"mvnd",0
"119","jags",32386,5,0.5,2.15000000000009,12208.2136058888,12531.9140509574,20000,12465.2777050664,0.999950037838214,1.00010731631023,1.00001196019856,NA,NA,5678.23888645965,2.15000000000009,"mvnd",0
"120","stan.nuts",32386,5,0.8,0.769999999999982,10130.9371416421,16819.7718611467,20000,10264.8044698592,0.99995004724604,1.00014256510144,0.999979767480965,"diag_e",1.1211963599889,13157.0612229122,0.769999999999982,"mvnd",0
"121","jags",59189,5,0.5,5.59000000000003,10069.1748264741,11534.4727735782,20000,10156.7136661259,0.999950836257184,1.00021068990053,1.00008752938953,NA,NA,1801.28351099714,5.59000000000003,"mvnd",1
"122","stan.nuts",59189,5,0.8,0.819999999999936,10213.1671101097,17160.9918538597,20000,10289.7170904292,0.999951967423893,1.00065462455165,0.999956058766875,"diag_e",1.0170849541397,12455.0818415981,0.819999999999936,"mvnd",1
"123","jags",33032,5,0.5,5.59000000000003,10282.596076637,11311.2435956888,20000,10720.4220736909,0.999950968129404,1.00007340802716,0.999971248938582,NA,NA,1839.46262551644,5.59000000000003,"mvnd",1
"124","stan.nuts",33032,5,0.8,0.799999999999955,10644.7807035317,18281.6707565745,20000,10509.3147101599,0.999950531082623,1.0002221710056,1.00001780423575,"diag_e",0.97123922178612,13305.9758794154,0.799999999999955,"mvnd",1
"125","jags",19139,5,0.5,5.6099999999999,10295.1048145798,10759.3015481875,20000,10541.5270677877,0.999951671133689,1.00005207743839,1.00000521129606,NA,NA,1835.13454805347,5.6099999999999,"mvnd",1
"126","stan.nuts",19139,5,0.8,0.810000000000059,10401.7429259834,18161.6826397042,20000,10394.547654876,0.999950051862866,1.00017051402737,0.999999655928358,"diag_e",0.94585151334584,12841.6579333119,0.810000000000059,"mvnd",1
"127","jags",78362,5,0.5,5.50999999999999,10066.3765381286,10532.4140292175,20000,10441.1659737519,0.999950095001444,1.00024128032101,1.00004628113486,NA,NA,1826.92859131191,5.50999999999999,"mvnd",1
"128","stan.nuts",78362,5,0.8,0.830000000000041,9809.25776877296,18063.1738578442,20000,9821.71260065566,0.99995131946668,1.00013334212826,1.00000092308636,"diag_e",0.933726643106764,11818.3828539427,0.830000000000041,"mvnd",1
"129","jags",61413,5,0.5,5.56000000000006,10710.8618752668,11068.2909347739,20000,10694.1345516115,0.999951673118372,1.00013427262695,0.999971260027558,NA,NA,1926.41400634292,5.56000000000006,"mvnd",1
"130","stan.nuts",61413,5,0.8,0.780000000000086,10403.6967337788,17837.8719503725,20000,10118.5548686323,0.999966874878707,1.00014540714857,0.999981245917641,"diag_e",1.01584361850444,13338.0727356124,0.780000000000086,"mvnd",1
"131","jags",72018,5,0.5,5.5,10678.1567795989,11167.5797217443,20000,10627.6550340951,0.999950199358949,1.00024069547802,1.00002398609832,NA,NA,1941.48305083617,5.5,"mvnd",1
"132","stan.nuts",72018,5,0.8,0.819999999999936,10573.6543740632,17348.9081037096,20000,10337.5850403914,0.99995002803994,1.00007844902609,1.00000760226322,"diag_e",0.958622228065609,12894.7004561757,0.819999999999936,"mvnd",1
"133","jags",66788,5,0.5,5.55999999999995,10100.4114680448,11080.1399523416,20000,10437.8807926887,0.999950449143826,1.00001916526535,0.999966158893287,NA,NA,1816.62076763398,5.55999999999995,"mvnd",1
"134","stan.nuts",66788,5,0.8,0.779999999999973,9281.61361384289,17088.3662101369,20000,9894.57048407843,0.99995097881855,1.00023698632268,0.999997380782485,"diag_e",1.0471540327223,11899.5046331323,0.779999999999973,"mvnd",1
"135","jags",19639,5,0.5,5.54999999999995,10421.3639153048,11496.559573772,20000,10452.2991085615,0.999951770268236,1.00010646575807,1.000008645282,NA,NA,1877.72322798286,5.54999999999995,"mvnd",1
"136","stan.nuts",19639,5,0.8,0.780000000000086,7293.35849047063,12137.3307900921,20000,7592.20532869084,0.999952914556003,1.00000431114658,0.999967523943771,"diag_e",1.21959747086066,9350.45960316644,0.780000000000086,"mvnd",1
"137","jags",68716,5,0.5,5.54999999999995,10496.9092795513,10982.8419115284,20000,10742.3724287708,0.999951354139986,1.00015590432732,0.99999470665394,NA,NA,1891.33500532457,5.54999999999995,"mvnd",1
"138","stan.nuts",68716,5,0.8,0.819999999999936,10134.5054402889,17901.5605069482,20000,10171.01258188,0.999950000876163,0.999963474433405,0.999953912652811,"diag_e",0.961489737382602,12359.1529759631,0.819999999999936,"mvnd",1
"139","jags",34163,5,0.5,5.6099999999999,10220.2998785239,11345.0668560759,20000,10256.2852484836,0.999950347206142,1.00015611364451,1.00004761578183,NA,NA,1821.80033485277,5.6099999999999,"mvnd",1
"140","stan.nuts",34163,5,0.8,0.799999999999955,9139.77552705526,16151.9177345142,20000,9098.12678924993,0.999958968706701,1.00006163439794,0.999991018268981,"diag_e",1.08516893491665,11424.7194088197,0.799999999999955,"mvnd",1
"141","jags",52953,5,0.5,5.59000000000003,10257.4407534629,10787.334276462,20000,10548.2158732373,0.999950934040889,1.00009161102722,0.999970205002511,NA,NA,1834.96256770356,5.59000000000003,"mvnd",1
"142","stan.nuts",52953,5,0.8,0.769999999999982,9886.8853223178,16316.7344619832,20000,9789.97782790579,0.999951110974252,1.00002375745688,0.999975923561067,"diag_e",1.07235937254098,12840.1108082052,0.769999999999982,"mvnd",1
"143","jags",75834,5,0.5,5.58000000000004,9620.72522073334,11295.0631902311,20000,10429.9517181011,0.999950054665485,1.00010435705809,1.00002612460511,NA,NA,1724.14430479091,5.58000000000004,"mvnd",1
"144","stan.nuts",75834,5,0.8,0.799999999999955,10258.7220226422,18509.5608710898,20000,10186.4129265737,0.999950713487972,1.0001774424486,0.999958991285749,"diag_e",0.986625890567808,12823.4025283034,0.799999999999955,"mvnd",1
"145","jags",23712,5,0.5,5.61000000000001,10179.3441553258,11325.9655867426,20000,10195.3595725453,0.99995022994356,0.999984102774259,0.999950813442102,NA,NA,1814.49984943418,5.61000000000001,"mvnd",1
"146","stan.nuts",23712,5,0.8,0.800000000000068,9958.55915808873,18752.2069290864,20000,10092.1640783513,0.999950005932003,1.00026509762103,1.00004160220392,"diag_e",0.992133644070466,12448.1989476099,0.800000000000068,"mvnd",1
"147","jags",80542,5,0.5,5.52999999999997,10103.7734889184,10620.7124996473,20000,10110.5000688107,0.999956248239051,1.000667446374,1.00001061824082,NA,NA,1827.08381354764,5.52999999999997,"mvnd",1
"148","stan.nuts",80542,5,0.8,0.830000000000041,10393.2058901859,17759.0418629918,20000,10469.5285108168,0.999956434930225,1.00001216398658,0.999980853072838,"diag_e",0.91836976342547,12521.9348074523,0.830000000000041,"mvnd",1
"149","jags",38632,5,0.5,5.58000000000004,10401.8503233534,11192.3434777213,20000,10353.1293433146,0.999952083519644,1.00010149594396,1.00004946513731,NA,NA,1864.13088232138,5.58000000000004,"mvnd",1
"150","stan.nuts",38632,5,0.8,0.829999999999927,10576.1002591912,17686.2540635021,20000,10595.7425296335,0.999960067514046,1.00013098377817,1.00001249986291,"diag_e",0.936301323144231,12742.2894689061,0.829999999999927,"mvnd",1
"151","jags",47339,5,0.5,5.50999999999999,10765.879898273,11282.2749333237,20000,10815.3739844884,0.999959185399956,1.00018285674251,1.00003763919208,NA,NA,1953.8801993236,5.50999999999999,"mvnd",1
"152","stan.nuts",47339,5,0.8,0.799999999999955,10005.5536158966,17996.3036201042,20000,10121.5678244445,0.999952354977318,1.00034316064259,1.00006391425215,"diag_e",1.00235108288075,12506.9420198715,0.799999999999955,"mvnd",1
"153","jags",54263,5,0.5,5.57999999999993,10055.60679612,11518.2396107621,20000,10393.4866070991,0.999952725147397,1.00002457260771,0.999968509219878,NA,NA,1802.08007098928,5.57999999999993,"mvnd",1
"154","stan.nuts",54263,5,0.8,0.779999999999973,10067.8323769213,17562.3559268415,20000,10026.1680682044,0.999949999149538,1.00021112583419,0.999961435151705,"diag_e",1.02690516933159,12907.4774063099,0.779999999999973,"mvnd",1
"155","jags",15202,5,0.5,5.63999999999999,9893.00058860544,11185.6388304244,20000,10054.6888308182,0.999951245190153,1.0001684627776,1.00002082920715,NA,NA,1754.07811854707,5.63999999999999,"mvnd",1
"156","stan.nuts",15202,5,0.8,0.810000000000059,11032.1822245113,17622.7355955696,20000,10921.5563128832,0.999950502882983,1.0002717692925,0.999980637680405,"diag_e",0.917580061924954,13619.9780549512,0.810000000000059,"mvnd",1
"157","jags",26482,5,0.5,5.57999999999993,10436.2464330093,10658.61353894,20000,10662.9044865722,0.999950021925839,1.00008662006443,0.999965284739758,NA,NA,1870.29505967911,5.57999999999993,"mvnd",1
"158","stan.nuts",26482,5,0.8,0.789999999999964,10770.3190131848,17517.339886764,20000,10495.1089993358,0.999950000608164,1.0000981053555,0.999996882347302,"diag_e",1.00067206409332,13633.3152065637,0.789999999999964,"mvnd",1
"159","jags",32386,5,0.5,5.63999999999999,10817.3146660203,11111.0732088088,20000,10978.8961146309,0.999959493276078,1.0003535138128,1.0000549724894,NA,NA,1917.96359326601,5.63999999999999,"mvnd",1
"160","stan.nuts",32386,5,0.8,0.789999999999964,10240.0464051456,17901.9207955131,20000,10208.0936019133,0.999950131476777,1.00009203084385,1.00002435106698,"diag_e",0.9913120816404,12962.084057147,0.789999999999964,"mvnd",1
"161","jags",59189,15,0.5,14.49,11510.5651760714,12282.1175918341,20000,11825.1510330275,0.999951181053242,1.0002575773427,0.999994726368077,NA,NA,794.379929335499,14.49,"mvnd",0
"162","stan.nuts",59189,15,0.8,2.13000000000011,10133.0841444071,16188.1569601851,20000,10064.4794059421,0.999950769939065,1.0007042298911,0.999999983358613,"diag_e",0.795632531778573,4757.31649972139,2.13000000000011,"mvnd",0
"163","jags",33032,15,0.5,14.3700000000001,11620.5654398752,12225.0583712843,20000,11701.2055381408,0.999950001712372,1.0001520520658,0.999987607807089,NA,NA,808.668437012882,14.3700000000001,"mvnd",0
"164","stan.nuts",33032,15,0.8,2.02999999999997,9099.70224916039,16496.8801075266,20000,9368.91113788236,0.999950246099814,1.00052089891866,0.999985050721894,"diag_e",0.843549987949684,4482.61194539927,2.02999999999997,"mvnd",0
"165","jags",19139,15,0.5,14.49,11660.0834699009,12388.2823208702,20000,12104.4679790401,0.999949999371087,1.00025842742841,0.999964971469939,NA,NA,804.698652167075,14.49,"mvnd",0
"166","stan.nuts",19139,15,0.8,1.90999999999985,8020.42760167304,15327.8451884596,20000,8394.54234799076,0.999951395076634,1.00022943227728,0.999983434444215,"diag_e",0.906679642468533,4199.17675480296,1.90999999999985,"mvnd",0
"167","jags",78362,15,0.5,14.5800000000002,11472.8944291488,12242.3228987529,20000,11910.2521158041,0.999950933986598,1.00037762553775,0.999964483528473,NA,NA,786.89262202666,14.5800000000002,"mvnd",0
"168","stan.nuts",78362,15,0.8,2.03999999999996,9256.69347189843,16590.3336534512,20000,9198.83346332367,0.999950125896028,1.0000736695065,0.999970396795338,"diag_e",0.869898417784962,4537.59483916598,2.03999999999996,"mvnd",0
"169","jags",61413,15,0.5,14.3400000000001,11042.5173782968,12144.7304166479,20000,10604.6599357115,0.999950047217558,1.0002985490917,0.999988052908907,NA,NA,770.05002638052,14.3400000000001,"mvnd",0
"170","stan.nuts",61413,15,0.8,2.1099999999999,9349.23922358158,16102.6805639517,20000,9447.86853568259,0.999951641085982,1.00028920514066,1.00001083115817,"diag_e",0.807116412858208,4430.91906330901,2.1099999999999,"mvnd",0
"171","jags",72018,15,0.5,14.75,11469.3926987307,12117.1122785301,20000,11966.0947935854,0.999951430536701,1.00071926861567,0.99999526706357,NA,NA,777.585945676655,14.75,"mvnd",0
"172","stan.nuts",72018,15,0.8,1.95000000000005,7810.48680079277,14431.774335475,20000,7905.4352182612,0.999950293359132,1.00009374307068,0.999970479867117,"diag_e",0.931200856573218,4005.3778465603,1.95000000000005,"mvnd",0
"173","jags",66788,15,0.5,14.3599999999999,11548.3503936173,12167.1797679141,20000,11649.4734582169,0.9999515523019,1.00024726980914,0.999996099120417,NA,NA,804.202673650238,14.3599999999999,"mvnd",0
"174","stan.nuts",66788,15,0.8,2.11999999999989,10062.0035306224,16017.6200622018,20000,9931.94453904804,0.99995005882226,1.00024450661032,0.999984210011257,"diag_e",0.802360914582628,4746.22808048251,2.11999999999989,"mvnd",0
"175","jags",19639,15,0.5,14.3499999999999,10821.4655280098,12216.5046834256,20000,11346.1590895167,0.999950475447477,1.0002862164179,0.99996272705853,NA,NA,754.109096028564,14.3499999999999,"mvnd",0
"176","stan.nuts",19639,15,0.8,1.79999999999995,7413.32710732972,13353.7619578121,20000,7381.59335973413,0.999950521550594,1.00018730720557,1.00001085754511,"diag_e",0.964291075688449,4118.51505962773,1.79999999999995,"mvnd",0
"177","jags",68716,15,0.5,14.1800000000001,11343.6729594395,12474.747741588,20000,11838.5237234086,0.9999505116256,1.00030086844433,0.999972139426368,NA,NA,799.976936490795,14.1800000000001,"mvnd",0
"178","stan.nuts",68716,15,0.8,2.24000000000001,9556.43809059765,16724.1478102482,20000,9632.54751087304,0.999950420612558,1.00017364440255,0.999960991015292,"diag_e",0.717475887142153,4266.26700473107,2.24000000000001,"mvnd",0
"179","jags",34163,15,0.5,14.3800000000001,11155.3818545813,12295.2078494421,20000,11598.2359819095,0.999950051302294,1.00029437554184,0.999968531425123,NA,NA,775.756735367261,14.3800000000001,"mvnd",0
"180","stan.nuts",34163,15,0.8,2.20999999999981,9711.52649574404,15798.3542819348,20000,9920.4550340203,0.999951458620341,1.00022295924719,1.00000572452779,"diag_e",0.749103684914179,4394.35588042755,2.20999999999981,"mvnd",0
"181","jags",52953,15,0.5,14.3399999999999,11483.0138271499,12221.0467763807,20000,11677.7167492667,0.999950516573574,1.00024457084181,0.999963879216303,NA,NA,800.768049313111,14.3399999999999,"mvnd",0
"182","stan.nuts",52953,15,0.8,2.24000000000001,10248.5814704121,15676.6787831569,20000,10359.3632683,0.99995116390913,1.00013626041055,0.999971544575074,"diag_e",0.750660977248198,4575.2595850054,2.24000000000001,"mvnd",0
"183","jags",75834,15,0.5,14.6199999999999,11206.6367703901,12244.8318619095,20000,11560.3630463288,0.999950036468246,1.00031807607196,0.999991675426273,NA,NA,766.527822872104,14.6199999999999,"mvnd",0
"184","stan.nuts",75834,15,0.8,2.09999999999991,9627.06583638612,16039.7978618721,20000,9569.72352593832,0.999950104654076,1.00010803769314,0.999961949263656,"diag_e",0.81095019243376,4584.31706494597,2.09999999999991,"mvnd",0
"185","jags",23712,15,0.5,14.9000000000001,11338.4321979209,12149.9772359429,20000,11912.7524255598,0.99995897412768,1.00023159652379,0.999998055945202,NA,NA,760.968603887306,14.9000000000001,"mvnd",0
"186","stan.nuts",23712,15,0.8,2.06000000000017,9424.15360552357,16351.3612886306,20000,9494.05475377847,0.99995001531131,1.00025877735292,1.00004185857769,"diag_e",0.832804039405672,4574.83184734116,2.06000000000017,"mvnd",0
"187","jags",80542,15,0.5,14.1600000000001,11522.2642449281,12215.3411800405,20000,11463.7765512689,0.999950337107807,1.00021113385934,0.999974880062451,NA,NA,813.719226336724,14.1600000000001,"mvnd",0
"188","stan.nuts",80542,15,0.8,2.03999999999996,8933.48654604137,16160.3241272734,20000,8960.00622410825,0.999950854705475,1.00010742749474,1.00001216191869,"diag_e",0.831715787031801,4379.16007158898,2.03999999999996,"mvnd",0
"189","jags",38632,15,0.5,14.3600000000001,11176.1503894818,12573.5194507215,20000,11797.8515645473,0.999950035675153,1.00019087552591,1.00006437875266,NA,NA,778.283453306523,14.3600000000001,"mvnd",0
"190","stan.nuts",38632,15,0.8,2.08999999999992,9397.268023804,16616.1985452002,20000,9521.64883642023,0.999950374284564,1.000186399665,0.999970792408065,"diag_e",0.837682523930298,4496.30048985855,2.08999999999992,"mvnd",0
"191","jags",47339,15,0.5,14.49,11768.8314073108,12448.7250996206,20000,12030.2998426497,0.999950897664457,1.00043248925325,1.00000087854517,NA,NA,812.203685804744,14.49,"mvnd",0
"192","stan.nuts",47339,15,0.8,2.15000000000009,10377.9255554831,15317.898622418,20000,10325.9091438209,0.999950089921495,1.00049612775487,0.999977034228089,"diag_e",0.772974463996167,4826.94211882917,2.15000000000009,"mvnd",0
"193","jags",54263,15,0.5,14.54,10825.1444912904,12307.6569037134,20000,11563.4271907825,0.99995020895521,1.00039009520821,0.999986183138439,NA,NA,744.507874229053,14.54,"mvnd",0
"194","stan.nuts",54263,15,0.8,2.09000000000015,9733.87296807493,16062.1120916517,20000,9780.37144513498,0.999952659197531,1.00025149159,1.00001341738688,"diag_e",0.800556215269315,4657.35548711687,2.09000000000015,"mvnd",0
"195","jags",15202,15,0.5,14.22,11824.4092091465,12354.5440542235,20000,11970.8470973422,0.999951058203217,1.0001890325724,0.999961698727839,NA,NA,831.533699658681,14.22,"mvnd",0
"196","stan.nuts",15202,15,0.8,2,8487.49609292359,16474.2953244993,20000,8623.14896565776,0.999951044611631,1.00045510157361,1.00002082087207,"diag_e",0.863852593108023,4243.74804646179,2,"mvnd",0
"197","jags",26482,15,0.5,14.3899999999999,11192.2841297698,12386.9561510306,20000,12069.1200513073,0.999951245392344,1.00039739785925,1.00000434434266,NA,NA,777.782079900618,14.3899999999999,"mvnd",0
"198","stan.nuts",26482,15,0.8,2.07000000000016,8507.56129828766,16414.2821901159,20000,8586.11319485784,0.999950010535574,1.00013894133507,0.999999054609428,"diag_e",0.864017353976649,4109.93299434154,2.07000000000016,"mvnd",0
"199","jags",32386,15,0.5,14.3699999999999,10765.4543054389,12177.142558868,20000,11443.4818093277,0.999950005827436,1.00013692979689,0.999981810759421,NA,NA,749.161747072995,14.3699999999999,"mvnd",0
"200","stan.nuts",32386,15,0.8,2.08999999999992,9797.08441510269,16516.2541604082,20000,9750.25597093805,0.99994999971082,1.00036135650742,0.999974772920186,"diag_e",0.811155435370913,4687.60019861391,2.08999999999992,"mvnd",0
"201","jags",59189,15,0.5,87.5,5230.84056285219,6838.2702405341,20000,5272.78063232379,0.999953014704343,1.00086679643686,1.00003372747668,NA,NA,59.781035004025,87.5,"mvnd",1
"202","stan.nuts",59189,15,0.8,2.78999999999996,8969.75638490015,19260.2460153805,20000,9170.29140391784,0.999950405421354,1.00015173061768,0.999981884164913,"diag_e",0.556201804693865,3214.96644620081,2.78999999999996,"mvnd",1
"203","jags",33032,15,0.5,87.1100000000001,4882.83719026296,6937.62528445537,20000,5053.96322953814,0.99995007593046,1.00102320706003,1.00003001354025,NA,NA,56.0536929200202,87.1100000000001,"mvnd",1
"204","stan.nuts",33032,15,0.8,2.55000000000018,7391.995544719,15106.9664580253,20000,9322.58800321349,0.999950262085095,1.00023972476398,1.00002685993255,"diag_e",0.645873186710957,2898.82178224254,2.55000000000018,"mvnd",1
"205","jags",19139,15,0.5,86.9400000000001,4545.09878014804,6544.17749262848,20000,5349.29609336602,0.999954635480312,1.00037970027344,1.00000565602653,NA,NA,52.2785688997933,86.9400000000001,"mvnd",1
"206","stan.nuts",19139,15,0.8,2.57999999999993,9417.30834784116,16550.5915168835,20000,9358.30132416322,0.999950200563081,1.00017525176174,0.999979649825458,"diag_e",0.610389230440461,3650.11951466722,2.57999999999993,"mvnd",1
"207","jags",78362,15,0.5,87.1199999999999,5042.54987751964,6505.16946782007,20000,5087.70057698165,0.999950003051766,1.00050179934722,1.00001680686466,NA,NA,57.8805082359923,87.1199999999999,"mvnd",1
"208","stan.nuts",78362,15,0.8,2.71000000000004,8736.54820373656,19293.373789064,20000,8814.00468199762,0.999950023350268,1.00031490741151,1.00001199227951,"diag_e",0.543628173600494,3223.818525364,2.71000000000004,"mvnd",1
"209","jags",61413,15,0.5,87.1399999999999,4137.62255939657,6593.00977726738,20000,5021.42774308253,0.99994999877133,1.00015672311021,0.999992754661755,NA,NA,47.4824714183678,87.1399999999999,"mvnd",1
"210","stan.nuts",61413,15,0.8,2.7199999999998,8915.76300753874,20000,20000,8982.82756405788,0.999950054418303,1.00011544868031,0.999959014515001,"diag_e",0.553928315081288,3277.85404688948,2.7199999999998,"mvnd",1
"211","jags",72018,15,0.5,87.75,5097.95141911578,6651.37728352686,20000,4997.09534187481,0.999950040839333,1.00047300030801,1.00004429588444,NA,NA,58.0963124685559,87.75,"mvnd",1
"212","stan.nuts",72018,15,0.8,2.7199999999998,9439.98356528341,15999.3399944954,20000,9773.0139374742,0.999950002986586,1.00054990443055,0.999994844985164,"diag_e",0.609758924923239,3470.58219311916,2.7199999999998,"mvnd",1
"213","jags",66788,15,0.5,87.7799999999997,5162.79307735651,6824.27730302619,20000,5180.23828007443,0.999950056646375,1.0008680929872,1.0001071538125,NA,NA,58.8151410042894,87.7799999999997,"mvnd",1
"214","stan.nuts",66788,15,0.8,2.66999999999962,9285.98927240185,14282.6365203064,20000,9193.56672522268,0.999950116972915,1.00007442751396,0.999966535233686,"diag_e",0.654218451210286,3477.89860389632,2.66999999999962,"mvnd",1
"215","jags",19639,15,0.5,87.48,5082.19867278022,6779.35366097782,20000,5194.2371917147,0.999950584257508,1.00026027327261,0.999997063633651,NA,NA,58.095549528809,87.48,"mvnd",1
"216","stan.nuts",19639,15,0.8,2.71000000000004,9090.99213463385,17131.1566158207,20000,9429.06143939529,0.999950000086868,1.00028819073535,0.99997881784917,"diag_e",0.594110055361225,3354.60964377628,2.71000000000004,"mvnd",1
"217","jags",68716,15,0.5,87.4099999999999,5018.59849706517,6859.11839223247,20000,5097.9790014484,0.999950038424002,1.00029066387096,1.0000044775111,NA,NA,57.4144662746274,87.4099999999999,"mvnd",1
"218","stan.nuts",68716,15,0.8,2.73000000000002,8559.07795220122,16583.9726032189,20000,9393.29714499818,0.999950098044315,1.00007226069554,0.999955762487628,"diag_e",0.598376512454074,3135.19338908467,2.73000000000002,"mvnd",1
"219","jags",34163,15,0.5,87.3499999999999,5225.03850454874,6937.68732790273,20000,5164.97606183897,0.999951834863353,1.00045312558514,0.999995292997017,NA,NA,59.8172696571121,87.3499999999999,"mvnd",1
"220","stan.nuts",34163,15,0.8,2.61999999999989,8918.87273443877,18341.7664172399,20000,9265.30509279056,0.999950083011719,1.00040662795219,0.999984439681997,"diag_e",0.572480663901694,3404.1498986409,2.61999999999989,"mvnd",1
"221","jags",52953,15,0.5,86.79,4901.02011726041,6589.14138886214,20000,4879.39598610286,0.999954687621093,1.00055772837574,1.00005428824817,NA,NA,56.4698711517504,86.79,"mvnd",1
"222","stan.nuts",52953,15,0.8,2.59999999999991,9060.44401184729,17017.2360260085,20000,9281.01952062673,0.999950161261538,1.0002247613718,1.00001090845288,"diag_e",0.604707765572711,3484.78615840293,2.59999999999991,"mvnd",1
"223","jags",75834,15,0.5,86.3400000000001,5050.85564555843,6795.5313732137,20000,5178.25927993713,0.999960712594276,1.00058527627808,1.00019611375726,NA,NA,58.4996021028309,86.3400000000001,"mvnd",1
"224","stan.nuts",75834,15,0.8,2.61999999999989,9002.93762166379,16590.5685833075,20000,9242.29801640827,0.999950272017381,1.00016033751698,0.999973042444105,"diag_e",0.611240847347751,3436.23573345961,2.61999999999989,"mvnd",1
"225","jags",23712,15,0.5,86.9100000000003,4976.46354953468,6853.96188914458,20000,5185.37267323944,0.999950690069745,1.00020725893717,1.00002859406551,NA,NA,57.2599649008706,86.9100000000003,"mvnd",1
"226","stan.nuts",23712,15,0.8,2.62999999999965,8709.11940074522,18609.388047696,20000,8675.66545039108,0.999950665273309,1.00020875650129,0.999966144146909,"diag_e",0.574675767498729,3311.4522436298,2.62999999999965,"mvnd",1
"227","jags",80542,15,0.5,86.29,5083.45839371555,6604.43222494167,20000,5027.41297165193,0.999950167331087,1.00014386280503,0.999985515120844,NA,NA,58.9113268480189,86.29,"mvnd",1
"228","stan.nuts",80542,15,0.8,2.75,8959.70745825155,17897.8755855533,20000,9189.48275198376,0.999950714709594,1.00039829142431,1.00001064906975,"diag_e",0.584013688663374,3258.0754393642,2.75,"mvnd",1
"229","jags",38632,15,0.5,87.2200000000003,4934.6441144694,7104.71642073668,20000,5086.98869963524,0.999951891553627,1.0003324888324,0.99997385986555,NA,NA,56.5769790698163,87.2200000000003,"mvnd",1
"230","stan.nuts",38632,15,0.8,2.57000000000016,8796.54934155725,15386.3067473578,20000,9369.59420458577,0.999950852287732,1.00020009346852,0.999988722618903,"diag_e",0.630435955022332,3422.78184496369,2.57000000000016,"mvnd",1
"231","jags",47339,15,0.5,86.1599999999999,4079.79485169025,6738.38148692243,20000,4894.74968917492,0.999950229083372,1.0005794447241,1.00004788852354,NA,NA,47.3513794300169,86.1599999999999,"mvnd",1
"232","stan.nuts",47339,15,0.8,2.64000000000033,8780.03778073344,15927.3530612941,20000,8987.87441449254,0.999950021173896,1.00025252024088,0.999957109047094,"diag_e",0.625681144641282,3325.77188664104,2.64000000000033,"mvnd",1
"233","jags",54263,15,0.5,87.3000000000002,4677.99967070527,6748.02406555586,20000,4959.83016101022,0.99994999875863,1.0014813060808,1.00004935880978,NA,NA,53.5853341432447,87.3000000000002,"mvnd",1
"234","stan.nuts",54263,15,0.8,2.59000000000015,9871.35365868206,16505.4643949372,20000,9583.22084527067,0.999950050862017,1.00028431134924,1.00000064704439,"diag_e",0.61168163912812,3811.33345895039,2.59000000000015,"mvnd",1
"235","jags",15202,15,0.5,87.1300000000001,5018.35827595079,6809.40698414346,20000,5002.09229466743,0.999953715608692,1.00025562239934,1.00001940530098,NA,NA,57.5962157230664,87.1300000000001,"mvnd",1
"236","stan.nuts",15202,15,0.8,2.61000000000013,8995.19942552079,17519.6310194422,20000,9077.08220886774,0.999950001121039,1.00002376412789,0.999969548260519,"diag_e",0.577820294824208,3446.43656150205,2.61000000000013,"mvnd",1
"237","jags",26482,15,0.5,86.9099999999999,5304.9507346057,6683.33342798988,20000,5258.42055418073,0.999950117823214,1.00062555708024,1.00000379487125,NA,NA,61.0395896284169,86.9099999999999,"mvnd",1
"238","stan.nuts",26482,15,0.8,2.67999999999984,9238.45007769444,20000,20000,9154.53418370575,0.999950008311531,1.00029057855616,0.999987650098506,"diag_e",0.542571851197107,3447.18286481157,2.67999999999984,"mvnd",1
"239","jags",32386,15,0.5,87.3400000000001,5251.70155717252,7040.79159574972,20000,5324.30229226086,0.999950602998439,1.00018034545115,0.99999763423357,NA,NA,60.1293972655428,87.3400000000001,"mvnd",1
"240","stan.nuts",32386,15,0.8,2.65999999999985,9497.1458638846,18025.9509226776,20000,9642.75276141543,0.999950169783212,1.00018546802773,0.999986779861955,"diag_e",0.555563480596868,3570.35558792674,2.65999999999985,"mvnd",1
"241","jags",59189,25,0.5,44.21,11600.7322381597,12355.6213164532,20000,11767.2452723279,0.999950785703943,1.00026602528676,0.999981807308474,NA,NA,262.400638727883,44.21,"mvnd",0
"242","stan.nuts",59189,25,0.8,4.13999999999987,8697.09439021466,16706.5838616462,20000,9151.2365632284,0.999949998877783,1.00028238373915,0.999962547190271,"diag_e",0.681192036442285,2100.74743724998,4.13999999999987,"mvnd",0
"243","jags",33032,25,0.5,43.8300000000004,11607.2373083285,12420.9514824606,20000,11745.7473648414,0.999950001708585,1.00035721688962,0.999993690667102,NA,NA,264.8240316753,43.8300000000004,"mvnd",0
"244","stan.nuts",33032,25,0.8,3.90999999999985,9131.2662607303,16295.2011461354,20000,9003.71063912646,0.999949998843224,1.00028579688355,0.999986636932639,"diag_e",0.690827416473534,2335.36221502062,3.90999999999985,"mvnd",0
"245","jags",19139,25,0.5,44.2800000000002,11115.9490470182,12273.9727703259,20000,11428.0174085168,0.999951152002495,1.00049694765541,0.999983780598691,NA,NA,251.03769302209,44.2800000000002,"mvnd",0
"246","stan.nuts",19139,25,0.8,3.80000000000018,8087.5334211643,15468.436490266,20000,8073.02490479053,0.999950213390062,1.000146138586,0.999971541829576,"diag_e",0.812455577957565,2128.29826872735,3.80000000000018,"mvnd",0
"247","jags",78362,25,0.5,44.5799999999999,11540.8549678411,12325.5929108812,20000,11903.3606738288,0.999950348548662,1.00016174359048,0.999986670903234,NA,NA,258.879653832236,44.5799999999999,"mvnd",0
"248","stan.nuts",78362,25,0.8,4.11999999999989,8464.70911250339,18345.1693193446,20000,8381.2979516824,0.999950022684852,1.0002068610441,0.999969941578224,"diag_e",0.661346280929054,2054.54104672418,4.11999999999989,"mvnd",0
"249","jags",61413,25,0.5,44.2599999999993,10891.2626244635,12370.7989294967,20000,11099.3396870032,0.999950676113164,1.00045074506793,0.999987853549932,NA,NA,246.074618718113,44.2599999999993,"mvnd",0
"250","stan.nuts",61413,25,0.8,4.01999999999953,8257.0774677274,14747.018175296,20000,8533.82064198347,0.999950065480442,1.00032585511015,0.999972270717702,"diag_e",0.721887216679957,2053.99937008168,4.01999999999953,"mvnd",0
"251","jags",72018,25,0.5,44.4900000000007,11403.8343124384,12148.3398070566,20000,11673.656198389,0.999950025537618,1.00031725771765,0.999993560230651,NA,NA,256.323540400949,44.4900000000007,"mvnd",0
"252","stan.nuts",72018,25,0.8,3.98999999999978,8560.55845956333,15674.4968004432,20000,8606.77003432935,0.999951251114591,1.00020685144554,0.999983853960061,"diag_e",0.694030637836557,2145.50337332426,3.98999999999978,"mvnd",0
"253","jags",66788,25,0.5,44.2199999999993,11319.62945896,12248.7872328242,20000,11383.2759790122,0.999950001099964,1.00012603299264,0.999981699505912,NA,NA,255.984383965629,44.2199999999993,"mvnd",0
"254","stan.nuts",66788,25,0.8,3.78999999999996,8382.8834973125,14732.495795389,20000,8292.58312462183,0.99995000312554,1.00031942157743,0.999979609057637,"diag_e",0.792003134610318,2211.84261142812,3.78999999999996,"mvnd",0
"255","jags",19639,25,0.5,44.96,11016.4218627014,12332.6085848247,20000,10972.8916912081,0.999950021947414,1.00035073123301,0.999992698799735,NA,NA,245.027176661509,44.96,"mvnd",0
"256","stan.nuts",19639,25,0.8,4.03000000000065,9262.03814991023,15567.8793663744,20000,9194.69434086266,0.999950140748716,1.00011747089698,0.999961106957695,"diag_e",0.701315940837352,2298.27249377388,4.03000000000065,"mvnd",0
"257","jags",68716,25,0.5,43.5800000000008,11474.3251843778,12173.6427292948,20000,11872.8150800269,0.999951055626431,1.0004087773885,1.00000746347686,NA,NA,263.293372748453,43.5800000000008,"mvnd",0
"258","stan.nuts",68716,25,0.8,3.97999999999956,8492.3819767758,17650.4256259946,20000,8593.84450162589,0.999950713735393,1.00026129811145,0.99997553986688,"diag_e",0.667032137399866,2133.76431577305,3.97999999999956,"mvnd",0
"259","jags",34163,25,0.5,44.5700000000006,11353.2183158111,12289.1451211952,20000,11535.6685870799,0.999950032962122,1.00047020139256,1.00000223194421,NA,NA,254.727806053644,44.5700000000006,"mvnd",0
"260","stan.nuts",34163,25,0.8,3.94999999999982,8678.1498156209,17752.5202685865,20000,8993.92676338332,0.99995002041806,1.00043142756031,0.999981008018916,"diag_e",0.669946886509846,2196.99995332185,3.94999999999982,"mvnd",0
"261","jags",52953,25,0.5,43.4800000000005,11368.9460255517,12289.7699373114,20000,11820.7567077126,0.999950118155051,1.00048124942267,0.999985140147652,NA,NA,261.475299575704,43.4800000000005,"mvnd",0
"262","stan.nuts",52953,25,0.8,3.90000000000055,9567.03828789335,15120.1740437002,20000,9286.83067565156,0.999950075086091,1.00037638030647,0.999986523420842,"diag_e",0.722996642598441,2453.08674048513,3.90000000000055,"mvnd",0
"263","jags",75834,25,0.5,43.3899999999994,11372.8972622266,12353.3691628596,20000,11244.4625179882,0.999949998752039,1.00028737357715,0.999986805871028,NA,NA,262.108717728204,43.3899999999994,"mvnd",0
"264","stan.nuts",75834,25,0.8,3.84000000000015,9154.71848405957,14860.2113985555,20000,9043.97246038178,0.99995036366168,1.00010652458886,0.999974175266572,"diag_e",0.738825016010439,2384.04127189042,3.84000000000015,"mvnd",0
"265","jags",23712,25,0.5,43.7700000000004,11455.6807029876,12215.6697444237,20000,11276.4426836778,0.999950496845269,1.00018664214739,0.999969596096372,NA,NA,261.724484875199,43.7700000000004,"mvnd",0
"266","stan.nuts",23712,25,0.8,3.98000000000047,9111.07116139718,15234.7843931306,20000,9274.49632034104,0.999950442670679,1.00040913443208,0.999999430826102,"diag_e",0.714524215547363,2289.21385964726,3.98000000000047,"mvnd",0
"267","jags",80542,25,0.5,43.7999999999993,11323.870316086,12193.2717811964,20000,11400.7691744055,0.999950104907237,1.00035204309169,0.999971694911224,NA,NA,258.535851965437,43.7999999999993,"mvnd",0
"268","stan.nuts",80542,25,0.8,3.83999999999924,9051.91684211741,14650.9418710361,20000,9190.10903263191,0.999950004233158,1.00020140050287,0.999978932557587,"diag_e",0.763484430479215,2357.27001096854,3.83999999999924,"mvnd",0
"269","jags",38632,25,0.5,44,11426.5562031162,12244.8501903841,20000,11785.6888228666,0.99995015468174,1.00050750395002,1.00001455371977,NA,NA,259.694459161731,44,"mvnd",0
"270","stan.nuts",38632,25,0.8,3.84000000000015,8437.01719058148,15079.2689696979,20000,8764.41482202853,0.999950011968099,1.0004665891313,0.999999717732281,"diag_e",0.794208240228152,2197.13989338051,3.84000000000015,"mvnd",0
"271","jags",47339,25,0.5,43.6900000000005,10922.7195218963,12233.4860558556,20000,11520.6245851124,0.999949999435686,1.00043761117024,1.00001610073682,NA,NA,250.005024534131,43.6900000000005,"mvnd",0
"272","stan.nuts",47339,25,0.8,3.97000000000025,7768.87715115073,20000,20000,7872.17146584856,0.999950663242263,1.00040930439995,0.999979777984518,"diag_e",0.634205110773638,1956.89600784641,3.97000000000025,"mvnd",0
"273","jags",54263,25,0.5,44.5900000000001,11337.3284472671,12188.8122717001,20000,11684.8039875197,0.999950240703012,1.00020297845405,0.999974827236445,NA,NA,254.257197740908,44.5900000000001,"mvnd",0
"274","stan.nuts",54263,25,0.8,3.94999999999982,7250.81854914904,20000,20000,7817.19971133197,0.999950219616252,1.00017633741211,0.999979767762039,"diag_e",0.588874808336115,1835.65026560744,3.94999999999982,"mvnd",0
"275","jags",15202,25,0.5,44.3299999999999,10940.4511378661,12370.3224515152,20000,11939.8033949376,0.999950518244292,1.00047832157929,0.999983131432881,NA,NA,246.795649399192,44.3299999999999,"mvnd",0
"276","stan.nuts",15202,25,0.8,4.01999999999953,9220.19155018418,14635.4215952614,20000,9078.54273339563,0.999949999090755,1.0004926150097,1.0000023578074,"diag_e",0.748424352322273,2293.57998760827,4.01999999999953,"mvnd",0
"277","jags",26482,25,0.5,44.0799999999999,10665.7451433399,12149.0086475394,20000,11681.5941807158,0.999952468175854,1.00027889305041,1.00000799188122,NA,NA,241.963365320778,44.0799999999999,"mvnd",0
"278","stan.nuts",26482,25,0.8,3.9399999999996,9008.27323326692,16941.3591993299,20000,8899.05858452861,0.999950028808767,1.00029106184032,0.999962008802679,"diag_e",0.678376301649358,2286.36376478879,3.9399999999996,"mvnd",0
"279","jags",32386,25,0.5,45.2700000000004,11496.6583436815,12426.8487044368,20000,11529.5510591147,0.999950135811877,1.00079868270768,0.999998277688756,NA,NA,253.957551218939,45.2700000000004,"mvnd",0
"280","stan.nuts",32386,25,0.8,4.35999999999967,9220.01829384459,14883.0490979906,20000,9224.13722003226,0.999950159257271,1.00039716618929,0.999976592165732,"diag_e",0.720981965336079,2114.68309491864,4.35999999999967,"mvnd",0
"281","jags",59189,25,0.5,374.29,3070.49393064984,4550.08526578797,20000,3188.6099171044,0.999950342174129,1.00085309457015,0.999967624639397,NA,NA,8.20351580499035,374.29,"mvnd",1
"282","stan.nuts",59189,25,0.8,7.0600000000004,8764.9250334545,17796.5283759023,20000,9402.10460686028,0.999950127358554,1.00020779776998,0.999962429469532,"diag_e",0.375033407158318,1241.49079793966,7.0600000000004,"mvnd",1
"283","jags",33032,25,0.5,376.98,2711.39120039223,4360.38290089569,20000,3298.09380723557,0.999955336191767,1.00161444895751,1.00006500023809,NA,NA,7.19240065890027,376.98,"mvnd",1
"284","stan.nuts",33032,25,0.8,7.01000000000022,8993.67075998482,16576.9153362091,20000,9642.75574040502,0.999950054825621,1.0002837682077,0.999965766194329,"diag_e",0.383709891717982,1282.97728387797,7.01000000000022,"mvnd",1
"285","jags",19139,25,0.5,373.58,3099.70348032504,4565.14073940592,20000,3323.05798434064,0.999951853972528,1.00090251497956,1.0000166009535,NA,NA,8.29729503807764,373.58,"mvnd",1
"286","stan.nuts",19139,25,0.8,7.09000000000015,9272.36124879202,17638.7465290745,20000,9273.25984954631,0.999949999383083,1.00017120896132,0.999963802953522,"diag_e",0.380427214783743,1307.80835667022,7.09000000000015,"mvnd",1
"287","jags",78362,25,0.5,373.08,2780.221595683,4363.57918410914,20000,3275.98979783589,0.999950024257023,1.00076105193067,1.00008007699575,NA,NA,7.45207889911816,373.08,"mvnd",1
"288","stan.nuts",78362,25,0.8,7.44999999999982,8322.31624840455,20000,20000,8098.82841010469,0.999950046033245,1.00128316156277,0.999974974442428,"diag_e",0.328314933658248,1117.08942931607,7.44999999999982,"mvnd",1
"289","jags",61413,25,0.5,376.58,3126.99651375948,4527.42871569088,20000,3249.69825646812,0.999950793312943,1.00096177375802,1.00003763130124,NA,NA,8.30367123522089,376.58,"mvnd",1
"290","stan.nuts",61413,25,0.8,7.43000000000029,8632.8708151675,20000,20000,8789.96571889144,0.999950213241548,1.00004436619939,0.999966533799589,"diag_e",0.342344189391211,1161.89378400635,7.43000000000029,"mvnd",1
"291","jags",72018,25,0.5,377.89,3256.05491741309,4406.32685255876,20000,3305.31858362186,0.999966694409348,1.00094461276998,1.00009394941116,NA,NA,8.6164093186194,377.89,"mvnd",1
"292","stan.nuts",72018,25,0.8,7.23000000000047,9098.41714533858,20000,20000,9081.07598861294,0.999950244688695,1.00022133617581,0.999972209417934,"diag_e",0.360588185281438,1258.42560793056,7.23000000000047,"mvnd",1
"293","jags",66788,25,0.5,373.5,3425.50407960896,4570.13971912134,20000,3303.96536142269,0.999951856867925,1.00122923613145,0.999995099862466,NA,NA,9.17136299761434,373.5,"mvnd",1
"294","stan.nuts",66788,25,0.8,7.14999999999964,8383.62396843019,18540.645332397,20000,8894.79849285968,0.999950004292066,1.00027126667953,0.999968849731534,"diag_e",0.365898139949867,1172.53482075953,7.14999999999964,"mvnd",1
"295","jags",19639,25,0.5,373.200000000001,3135.11852507479,4678.53579301413,20000,3203.03862766178,0.999950297680222,1.00071257588285,1.00010872845918,NA,NA,8.40063913471272,373.200000000001,"mvnd",1
"296","stan.nuts",19639,25,0.8,7.53000000000065,8822.00481907931,20000,20000,8790.81553338051,0.999950005132984,1.00015907642976,0.999955450082681,"diag_e",0.341081874505474,1171.5809852694,7.53000000000065,"mvnd",1
"297","jags",68716,25,0.5,373.51,3308.72316824023,4720.86332919581,20000,3365.42288867611,0.999950038950831,1.00081813799526,1.00008290470565,NA,NA,8.85845939396597,373.51,"mvnd",1
"298","stan.nuts",68716,25,0.8,7.13999999999942,8819.5609951781,20000,20000,8879.86984222411,0.999950062781184,1.00014980935269,0.999977477634326,"diag_e",0.35929470050931,1235.23263237799,7.13999999999942,"mvnd",1
"299","jags",34163,25,0.5,373.08,2979.49390065594,4522.77459517458,20000,3377.33640563174,0.999950252628029,1.00115283451281,1.00007999895764,NA,NA,7.98620644541637,373.08,"mvnd",1
"300","stan.nuts",34163,25,0.8,6.92000000000007,8882.39039426591,16125.08404587,20000,9226.46041603154,0.999950037949323,1.00011851819317,0.999961211573441,"diag_e",0.397461654217141,1283.58242691703,6.92000000000007,"mvnd",1
"301","jags",52953,25,0.5,372.139999999999,3436.69227185011,4640.41624077247,20000,3265.97197986024,0.999950099604225,1.00264208546318,1.00019967856912,NA,NA,9.23494456884537,372.139999999999,"mvnd",1
"302","stan.nuts",52953,25,0.8,6.61000000000058,8994.94843304263,14887.5204662461,20000,9212.84666992191,0.999951283786307,1.00038876235422,1.00000968607377,"diag_e",0.414416860194376,1360.80914266896,6.61000000000058,"mvnd",1
"303","jags",75834,25,0.5,379.150000000001,2842.85521171337,4494.68564287314,20000,3327.59238250839,0.999949999569405,1.0005364057056,1.00001911309124,NA,NA,7.49796969989017,379.150000000001,"mvnd",1
"304","stan.nuts",75834,25,0.8,7.35000000000036,8845.22101042094,20000,20000,8894.45297774409,0.999950019189824,1.00030026489546,0.999972815694218,"diag_e",0.360735041531688,1203.43142998918,7.35000000000036,"mvnd",1
"305","jags",23712,25,0.5,376.640000000001,3321.52426308917,4563.27009291224,20000,3376.19624403638,0.999950010142708,1.00058166239659,0.999994577515821,NA,NA,8.818830350173,376.640000000001,"mvnd",1
"306","stan.nuts",23712,25,0.8,7.06999999999971,9222.87601774273,17682.0222669594,20000,9411.36129172993,0.999950007792934,1.00020870473705,0.999970215847298,"diag_e",0.377524088218258,1304.50863051529,7.06999999999971,"mvnd",1
"307","jags",80542,25,0.5,377.309999999999,2873.73452936846,4307.54159174456,20000,3158.33979424973,0.999950815902673,1.00137533831795,1.00029949904591,NA,NA,7.61637520704053,377.309999999999,"mvnd",1
"308","stan.nuts",80542,25,0.8,6.88999999999942,9346.6968871514,15511.5988138382,20000,9167.54366851361,0.999953211434274,1.00061810716244,1.00002664634469,"diag_e",0.40989488078976,1356.55978042848,6.88999999999942,"mvnd",1
"309","jags",38632,25,0.5,374.190000000001,3072.57528681161,4329.79138239711,20000,3278.63815927804,0.999950307744708,1.00064042488544,1.00013881957934,NA,NA,8.21127044231968,374.190000000001,"mvnd",1
"310","stan.nuts",38632,25,0.8,7,8526.09256720864,16880.1970962001,20000,8933.20287466303,0.999950478158639,1.00011727841672,0.999961846212502,"diag_e",0.384718482139094,1218.01322388695,7,"mvnd",1
"311","jags",47339,25,0.5,375.049999999999,2824.83147763635,4375.1979117923,20000,3026.01110799401,0.999950034196796,1.00097147743747,1.00008401439729,NA,NA,7.53187968973831,375.049999999999,"mvnd",1
"312","stan.nuts",47339,25,0.8,7.14999999999964,8522.17098080805,18374.9254221379,20000,8859.64546419008,0.999950022118111,1.00022435958604,0.999977778605108,"diag_e",0.364975593697216,1191.9120252879,7.14999999999964,"mvnd",1
"313","jags",54263,25,0.5,374.889999999999,3219.08388478844,4547.91119553503,20000,3130.76581233526,0.999950184641221,1.00127943560099,1.00018371623758,NA,NA,8.58674247056054,374.889999999999,"mvnd",1
"314","stan.nuts",54263,25,0.8,7.19999999999891,8665.1401832234,17454.4680231734,20000,8612.4312943865,0.99995026292316,1.00039693746191,0.999993907501457,"diag_e",0.382322564021848,1203.49169211454,7.19999999999891,"mvnd",1
"315","jags",15202,25,0.5,378.5,3074.18164063815,4632.53664178248,20000,3308.81527079154,0.999950005242749,1.00038781359625,0.999991863230297,NA,NA,8.12201226060279,378.5,"mvnd",1
"316","stan.nuts",15202,25,0.8,6.94000000000051,9461.04549218094,16117.0337404176,20000,9331.47428331029,0.999949998974551,1.00012852394794,0.999966480901087,"diag_e",0.393572784432562,1363.26303921905,6.94000000000051,"mvnd",1
"317","jags",26482,25,0.5,378.139999999999,3304.96543744065,4573.50847865997,20000,3358.57004023743,0.999950020276499,1.00054568429949,1.00001106965453,NA,NA,8.74005774961827,378.139999999999,"mvnd",1
"318","stan.nuts",26482,25,0.8,7.14000000000124,9268.27808177424,16222.1680533349,20000,9356.05969387125,0.999950003344031,1.00022495498962,0.999978859358657,"diag_e",0.39245320003392,1298.07816271325,7.14000000000124,"mvnd",1
"319","jags",32386,25,0.5,376.889999999999,2910.81540807106,4340.86174526404,20000,3323.40790200289,0.999950162662537,1.00130399427954,1.0001385963291,NA,NA,7.72324924532638,376.889999999999,"mvnd",1
"320","stan.nuts",32386,25,0.8,6.83000000000175,9659.18870399163,15586.5570422143,20000,9552.24516749995,0.999950011479627,1.00011857196733,0.999957866389085,"diag_e",0.408119690943359,1414.22967847572,6.83000000000175,"mvnd",1
"321","jags",59189,50,0.5,1752.6,11104.8655258732,12152.140799853,20000,11305.8073909213,0.999949999811448,1.00036798396465,0.999987691489708,NA,NA,6.33622362539836,1752.6,"mvnd",0
"322","stan.nuts",59189,50,0.8,9.73999999999978,7136.73563112441,20000,20000,7029.70972083383,0.999950020697958,1.00018225648366,0.999966655445986,"diag_e",0.574899963485292,732.724397446054,9.73999999999978,"mvnd",0
"323","jags",33032,50,0.5,1740.87,11187.7796348014,12328.1392416659,20000,10899.0391084783,0.999950608808402,1.00056334009543,0.999979539464373,NA,NA,6.42654513823626,1740.87,"mvnd",0
"324","stan.nuts",33032,50,0.8,9.88000000000102,7501.77137279449,14836.2103007476,20000,7286.60519363151,0.99995115970112,1.00036752016955,0.999972574548877,"diag_e",0.660085077567575,759.288600485194,9.88000000000102,"mvnd",0
"325","jags",19139,50,0.5,1737.14,11344.1368629193,12383.1105179097,20000,11444.1410443827,0.99995000024831,1.00078505017693,0.999977384710993,NA,NA,6.53035268482638,1737.14,"mvnd",0
"326","stan.nuts",19139,50,0.8,9.75,7134.01200166957,19141.6702486817,20000,7363.95821603015,0.999950066799879,1.0001829023033,0.999964458304591,"diag_e",0.621259199678528,731.693538632777,9.75,"mvnd",0
"327","jags",78362,50,0.5,1746.64,11318.3103131653,12287.1620723642,20000,11342.4291640649,0.999950001120651,1.00035914595517,0.999985440858559,NA,NA,6.48004758459975,1746.64,"mvnd",0
"328","stan.nuts",78362,50,0.8,9.77999999999884,6620.15204707376,20000,20000,6683.39190987383,0.999950000454477,1.00023404255978,0.999965122258549,"diag_e",0.583172609608515,676.907162277561,9.77999999999884,"mvnd",0
"329","jags",61413,50,0.5,1743.35,10866.0611846461,12274.8971449511,20000,11426.0192877126,0.99995001128829,1.00035803209837,0.999994311670884,NA,NA,6.23286269805037,1743.35,"mvnd",0
"330","stan.nuts",61413,50,0.8,9.57999999999811,6424.90084094643,20000,20000,7167.72657844224,0.999950007160658,1.00015997028043,0.999965081068139,"diag_e",0.599681960200055,670.657707823351,9.57999999999811,"mvnd",0
"331","jags",72018,50,0.5,1744.59,11478.2878925491,12304.9739125916,20000,11608.2323274002,0.999950119212602,1.000397847208,0.999990755316672,NA,NA,6.57936127832274,1744.59,"mvnd",0
"332","stan.nuts",72018,50,0.8,10.25,6779.41726489152,20000,20000,6927.88983263531,0.999950002312103,1.00038056328699,0.999966452622348,"diag_e",0.567382300194425,661.406562428441,10.25,"mvnd",0
"333","jags",66788,50,0.5,1755.28,11205.8665354208,12266.6260508515,20000,11592.5960603924,0.999950243671265,1.00053423858637,1.00000380158679,NA,NA,6.38409059262389,1755.28,"mvnd",0
"334","stan.nuts",66788,50,0.8,9.84000000000015,6646.52209163412,12854.1987154836,20000,6961.30541970902,0.999950009026926,1.00073537851055,0.999981264631293,"diag_e",0.770479078488992,675.459562157929,9.84000000000015,"mvnd",0
"335","jags",19639,50,0.5,1736.86,11210.8128843187,12362.4844874305,20000,11484.3283481444,0.999950396856841,1.00069277628405,1.00001310943651,NA,NA,6.45464394615494,1736.86,"mvnd",0
"336","stan.nuts",19639,50,0.8,9.72000000000116,6921.57467626824,20000,20000,7186.90114355037,0.999950178892629,1.00012206391307,0.999975491236213,"diag_e",0.612714583758034,712.096160109816,9.72000000000116,"mvnd",0
"337","jags",68716,50,0.5,1743.83,10971.6817827184,12174.1145387855,20000,11115.5962517929,0.999950145814629,1.00099686081727,0.99997364224844,NA,NA,6.29171523756237,1743.83,"mvnd",0
"338","stan.nuts",68716,50,0.8,9.54999999999927,6878.92514667297,20000,20000,6966.07560520841,0.999950002875476,1.00033202650697,0.99997435832469,"diag_e",0.583407971729408,720.306298080994,9.54999999999927,"mvnd",0
"339","jags",34163,50,0.5,1745.57,11090.531782001,12357.8170331206,20000,11324.0010075617,0.999950101295488,1.0004783481408,0.999998595346694,NA,NA,6.35353024055237,1745.57,"mvnd",0
"340","stan.nuts",34163,50,0.8,9.62999999999738,7422.88923199611,17701.1425905656,20000,7387.48771258436,0.999949999077045,1.00028350642535,0.999968704689283,"diag_e",0.634014249456161,770.80885067478,9.62999999999738,"mvnd",0
"341","jags",52953,50,0.5,1742.3,10565.9853793603,12244.7699258727,20000,10786.1316319676,0.999950019403677,1.00044446628615,0.999984150110457,NA,NA,6.06438924373549,1742.3,"mvnd",0
"342","stan.nuts",52953,50,0.8,9.7300000000032,6935.0336609787,20000,20000,6807.3738837261,0.999950023785967,1.00009749177773,0.999963347309929,"diag_e",0.583286195220848,712.747549946189,9.7300000000032,"mvnd",0
"343","jags",75834,50,0.5,1751.84,11384.2968132922,12247.288203261,20000,11358.5627144071,0.999950007166356,1.00032035163617,0.999981949637913,NA,NA,6.49847977742958,1751.84,"mvnd",0
"344","stan.nuts",75834,50,0.8,9.75,7539.99875057979,15908.2240513981,20000,7494.7459661494,0.999949998822579,1.00051662536189,0.99998063971126,"diag_e",0.645007403968457,773.333205187671,9.75,"mvnd",0
"345","jags",23712,50,0.5,1757.1,11397.5747694279,12188.9698165476,20000,11467.170486238,0.999950037102203,1.00033718112761,0.999988643852074,NA,NA,6.48658287486652,1757.1,"mvnd",0
"346","stan.nuts",23712,50,0.8,9.83000000000175,6544.55924553135,20000,20000,6733.19592765989,0.999950013271754,1.00008884962118,0.999963471429925,"diag_e",0.570930130714851,665.77408398069,9.83000000000175,"mvnd",0
"347","jags",80542,50,0.5,1750.19,11169.2978955469,12303.0286025349,20000,11657.9124411192,0.999950006364805,1.00049041074277,0.999994671037506,NA,NA,6.3817630631799,1750.19,"mvnd",0
"348","stan.nuts",80542,50,0.8,9.86000000000058,7091.5356734994,20000,20000,7278.18813986864,0.999949999034107,1.00026274986631,0.999983198034121,"diag_e",0.618051000910796,719.222684939044,9.86000000000058,"mvnd",0
"349","jags",38632,50,0.5,1741.1,11280.5454427007,12375.389962212,20000,11153.824101001,0.999949998749988,1.00043025224621,1.00001297442135,NA,NA,6.47897618901883,1741.1,"mvnd",0
"350","stan.nuts",38632,50,0.8,9.66999999999825,7291.14506813991,20000,20000,6929.28759949597,0.999950002546991,1.0001801693171,0.999961440940439,"diag_e",0.598280371775645,753.996387605091,9.66999999999825,"mvnd",0
"351","jags",47339,50,0.5,1740.16,11098.2779362898,12237.2004556571,20000,11453.329865955,0.999950189680054,1.00061742359425,0.999995889538629,NA,NA,6.37773419472336,1740.16,"mvnd",0
"352","stan.nuts",47339,50,0.8,10.0299999999988,7254.15313970201,20000,20000,7200.37740506839,0.999950128581447,1.00046383717564,0.999980475481595,"diag_e",0.615343036817399,723.24557723857,10.0299999999988,"mvnd",0
"353","jags",54263,50,0.5,1749.53000000001,11040.739442497,12325.7909252874,20000,11328.7164097396,0.999950293565263,1.00038713823045,1.00000598318028,NA,NA,6.31068883785755,1749.53000000001,"mvnd",0
"354","stan.nuts",54263,50,0.8,9.76000000000204,7381.34172140201,20000,20000,7260.71101644675,0.999950005062915,1.00018766750581,0.999966540028792,"diag_e",0.59251393949,756.285012438573,9.76000000000204,"mvnd",0
"355","jags",15202,50,0.5,1745.84,11475.6214733041,12340.1395503677,20000,11416.0450364026,0.999950003902103,1.00032422158775,0.999974942621671,NA,NA,6.57312323769882,1745.84,"mvnd",0
"356","stan.nuts",15202,50,0.8,9.55999999999767,7100.01004273193,20000,20000,7124.76189529781,0.999950026653256,1.00022361557911,0.999977680206352,"diag_e",0.536215438328874,742.678874762935,9.55999999999767,"mvnd",0
"357","jags",26482,50,0.5,1758.7,11032.6060079711,12190.5096254399,20000,11449.8810564573,0.999950011334999,1.00064828728454,0.999963215579457,NA,NA,6.27315972478032,1758.7,"mvnd",0
"358","stan.nuts",26482,50,0.8,10.0199999999968,6678.50109321491,20000,20000,6873.42853242695,0.999950024232762,1.00022327940826,0.999962292048668,"diag_e",0.536571902928197,666.517075171361,10.0199999999968,"mvnd",0
"359","jags",32386,50,0.5,1730.62,11302.3577465153,12265.684345168,20000,11816.7639292708,0.999949998876231,1.00028675249293,0.999982949921861,NA,NA,6.53081424374807,1730.62,"mvnd",0
"360","stan.nuts",32386,50,0.8,9.5199999999968,6376.70551263837,20000,20000,6872.93256047406,0.999950041552988,1.00016458472924,0.999971710357676,"diag_e",0.576373005452611,669.822007630306,9.5199999999968,"mvnd",0
"361","jags",59189,50,0.5,4424.27,13.6950478168372,45.0834548866623,20000,14.5735297607829,0.99995002373475,1.208804887093,1.02145888618783,NA,NA,0.00309543671991926,4424.27,"mvnd",1
"362","stan.nuts",59189,50,0.8,419.859999999993,8020.4490061809,18600.5821723016,20000,8311.50649862282,0.999950151109182,1.00025923602189,0.999972540983041,"diag_e",0.0133344417618969,19.1026747158125,419.859999999993,"mvnd",1
"363","jags",33032,50,0.5,4439.77,12.2377791475224,44.8783797181984,20000,13.090029884485,0.999952569809709,1.13371469394749,1.00932119715178,NA,NA,0.00275639935121018,4439.77,"mvnd",1
"364","stan.nuts",33032,50,0.8,400.730000000003,7850.04771868024,17461.270610525,20000,8047.11010547578,0.999949999080701,1.00018489892641,0.999960936855952,"diag_e",0.0143780432088315,19.5893686988251,400.730000000003,"mvnd",1
"365","jags",19139,50,0.5,4441.82999999999,10.2156976979508,53.5062870338132,20000,14.2742216367565,0.999956909555749,1.17373106848484,1.01006315316415,NA,NA,0.00229988488932508,4441.82999999999,"mvnd",1
"366","stan.nuts",19139,50,0.8,351.25,7694.02666955936,16081.3600922732,20000,7718.72601837544,0.999950001414034,1.00056212110708,0.999983099841122,"diag_e",0.0160452142184088,21.9047022620907,351.25,"mvnd",1
"367","jags",78362,50,0.5,4434.11,13.1100121961637,50.9926995648093,20000,10.9808736091756,1.0001431896565,1.17225660127118,1.0119180797059,NA,NA,0.00295662764256271,4434.11,"mvnd",1
"368","stan.nuts",78362,50,0.8,338.320000000007,7566.9193303081,17389.2589118336,20000,7538.52841884877,0.999950060899747,1.00014323986748,0.999959058747607,"diag_e",0.0169570745112447,22.3661602338258,338.320000000007,"mvnd",1
"369","jags",61413,50,0.5,4417.18999999999,12.1603576667434,52.6378010341701,20000,12.7436588415097,0.99995059632251,1.09367280782076,1.00688324019896,NA,NA,0.00275296232825471,4417.18999999999,"mvnd",1
"370","stan.nuts",61413,50,0.8,404.139999999999,8140.5901647241,17341.8301239308,20000,8159.97797286754,0.999950010681671,1.00047797941024,0.999970430793348,"diag_e",0.0139383158123642,20.1429954093238,404.139999999999,"mvnd",1
"371","jags",72018,50,0.5,4348.71999999999,6.23506465756051,55.2913919096936,20000,12.8100155496997,0.9999536923894,1.57607476926845,1.02146558047549,NA,NA,0.00143377008810881,4348.71999999999,"mvnd",1
"372","stan.nuts",72018,50,0.8,371.910000000003,7746.71284989288,16350.0226269284,20000,7856.43693127156,0.999949998756182,1.00047951076326,0.999986354106831,"diag_e",0.0151367128888066,20.8295363122605,371.910000000003,"mvnd",1
"373","jags",66788,50,0.5,4344.81999999999,19.2073768502027,54.0001490973255,20000,12.0054006390143,0.999971786081805,1.11745184340882,1.00674400176623,NA,NA,0.00442075318429826,4344.81999999999,"mvnd",1
"374","stan.nuts",66788,50,0.8,399.300000000003,7387.20298069099,17274.8093159495,20000,7708.20043045116,0.999950041015991,1.00032293761643,1.0000050797826,"diag_e",0.0141869083489357,18.5003831221912,399.300000000003,"mvnd",1
"375","jags",19639,50,0.5,4347.56,12.6488398961396,50.2130803094494,20000,16.6817760226502,0.999951198899794,1.25432770942891,1.01840855192514,NA,NA,0.00290941123207951,4347.56,"mvnd",1
"376","stan.nuts",19639,50,0.8,353.130000000005,8089.4079132514,16420.5147927856,20000,7898.55279383174,0.999949998793612,1.00013131912287,0.999965898008632,"diag_e",0.0159353129799248,22.9077334501495,353.130000000005,"mvnd",1
"377","jags",68716,50,0.5,4342.25,15.0104621291562,57.0450500350313,20000,15.3303935911784,0.999962294698778,1.07610280778577,1.00971754923402,NA,NA,0.003456839686604,4342.25,"mvnd",1
"378","stan.nuts",68716,50,0.8,371.660000000003,7990.72777012099,16472.0381666093,20000,8004.56397878468,0.999950002675518,1.00031155794578,0.999983606873514,"diag_e",0.0150164891608097,21.5001016254666,371.660000000003,"mvnd",1
"379","jags",34163,50,0.5,4331.74000000001,13.7110529006193,51.8710436281112,20000,13.1569496652324,0.99995026338221,1.04722678337508,1.0021057709566,NA,NA,0.00316525297008115,4331.74000000001,"mvnd",1
"380","stan.nuts",34163,50,0.8,338.279999999999,7311.60017674832,16719.3448378147,20000,8044.53841053765,0.999950000557888,1.00021507010658,0.999964359030496,"diag_e",0.0162688777844964,21.614048057078,338.279999999999,"mvnd",1
"381","jags",52953,50,0.5,4302.86,15.4499940710064,44.8062868555844,20000,13.382552548361,1.00000838133773,1.15576825480173,1.00815922896513,NA,NA,0.00359063368806013,4302.86,"mvnd",1
"382","stan.nuts",52953,50,0.8,400,8007.42859785787,17274.3504431864,20000,8257.41646214359,0.999950000304664,1.00035095331564,0.999980532575483,"diag_e",0.0137794312919208,20.0185714946447,400,"mvnd",1
"383","jags",75834,50,0.5,4292.94,8.61868149367257,51.7475120463826,20000,13.5784921851374,1.0001609282345,1.29442504903793,1.02226298581453,NA,NA,0.00200764079946903,4292.94,"mvnd",1
"384","stan.nuts",75834,50,0.8,367.560000000012,8024.16550305679,16041.0854685094,20000,8160.58294942881,0.999950013647051,1.00019986059119,1.00000258917136,"diag_e",0.0150383529970432,21.8308997253687,367.560000000012,"mvnd",1
"385","jags",23712,50,0.5,4307.31,9.26029290078388,46.7965670784738,20000,15.0179866554426,0.999950322448645,1.17731795881526,1.01728641736968,NA,NA,0.00214990165573963,4307.31,"mvnd",1
"386","stan.nuts",23712,50,0.8,373.809999999998,8078.21056099671,16503.0691549763,20000,8339.96548063223,0.999950020925071,1.00024716959088,0.999974466352172,"diag_e",0.0148540398269253,21.6104720606639,373.809999999998,"mvnd",1
"387","jags",80542,50,0.5,4292.28,15.7657887832901,53.3973425536517,20000,13.1712547421846,0.99995005234089,1.09016206525576,1.01062499175398,NA,NA,0.00367305692622338,4292.28,"mvnd",1
"388","stan.nuts",80542,50,0.8,397.100000000006,8481.07348889789,17551.8232273394,20000,8453.29746512411,0.999950064005096,1.00013558524589,0.999984801428373,"diag_e",0.0140791345133837,21.3575257841797,397.100000000006,"mvnd",1
"389","jags",38632,50,0.5,4291.62999999999,14.7085842808101,51.5335278015076,20000,11.9449072010778,0.999953705148438,1.23520251525787,1.00932637418188,NA,NA,0.00342727222076696,4291.62999999999,"mvnd",1
"390","stan.nuts",38632,50,0.8,362.330000000002,6954.73317635677,15980.9552819589,20000,7846.88702884463,0.999950013586917,1.00004181694625,0.999962259402476,"diag_e",0.0152977094530938,19.1944723769954,362.330000000002,"mvnd",1
"391","jags",47339,50,0.5,4289.98,10.5912517762403,62.6311316323078,20000,10.8613866446535,0.999950908876583,1.19408430827723,1.01424913313975,NA,NA,0.00246883476758407,4289.98,"mvnd",1
"392","stan.nuts",47339,50,0.8,385.190000000002,7815.35491221445,16773.1956755083,20000,8276.58142089538,0.999950011056157,1.00042342495879,0.999980554623392,"diag_e",0.014494393903229,20.2896100942766,385.190000000002,"mvnd",1
"393","jags",54263,50,0.5,4295.01999999999,9.54657207308777,48.7875340662773,20000,9.28738344387339,0.999951033410346,1.07788854710706,1.00516783236824,NA,NA,0.00222270724538833,4295.01999999999,"mvnd",1
"394","stan.nuts",54263,50,0.8,351.220000000001,7730.53308415403,16492.4251001811,20000,8213.46951698316,0.999950000989396,1.00027643638681,0.99998621383374,"diag_e",0.0159188827128469,22.0105150166676,351.220000000001,"mvnd",1
"395","jags",15202,50,0.5,4302.95000000001,21.0420006391483,49.1838121790478,20000,10.5716027875338,0.999971206127905,1.19474089927894,1.0130575482593,NA,NA,0.00489013366159222,4302.95000000001,"mvnd",1
"396","stan.nuts",15202,50,0.8,365.110000000015,7496.64645635925,16058.3248627982,20000,7715.54715687366,0.999950016576875,1.00065764859843,1.00001375626247,"diag_e",0.0151968899013452,20.5325695170194,365.110000000015,"mvnd",1
"397","jags",26482,50,0.5,4289.85000000001,10.495443250566,49.3730489243613,20000,11.3327813059489,0.999951575420129,1.16610869085683,1.01833089020079,NA,NA,0.00244657581280603,4289.85000000001,"mvnd",1
"398","stan.nuts",26482,50,0.8,378.25,7803.47385286748,16315.5133061856,20000,7625.96711695292,0.999950669792235,1.00028250249259,0.999992716504115,"diag_e",0.0148365708841821,20.6304662336219,378.25,"mvnd",1
"399","jags",32386,50,0.5,4291.69,19.9843320433779,47.7579116595871,20000,14.77071949142,0.999967985347104,1.10330079587899,1.00780576201228,NA,NA,0.00465651807175679,4291.69,"mvnd",1
"400","stan.nuts",32386,50,0.8,350.970000000001,8101.22461600055,16104.9527154461,20000,8174.11185641565,0.999950173602917,1.00020991810741,0.999986390041116,"diag_e",0.0157779446591164,23.0823848648048,350.970000000001,"mvnd",1
