"rowID","ID","area","used","date","spacing","skates","number","lbs","hooks.per.skate","hooks","number.per.hook","catch.per.hook","daynumber","group"
35,"Chelsea_Obs","3A","Y",1971-05-07,21,5,8,93,72,360,0.0222222222222222,0.258333333333333,0,1
164,"Chelsea_Obs","3A","Y",1971-05-07,12,6,17,478,122.2,733.2,0.0231860338243317,0.651936715766503,0,1
165,"Chelsea_Obs","3A","Y",1971-05-08,21,6,17,479,72,432,0.0393518518518519,1.1087962962963,1,1
299,"Chelsea_Obs","3A","Y",1971-05-08,12,6,29,1003,122.2,733.2,0.0395526459356247,1.36797599563557,1,1
224,"Chelsea_Obs","3A","Y",1971-05-09,12,6,16,678,122.2,733.2,0.0218221494817239,0.924713584288052,2,1
232,"Chelsea_Obs","3A","Y",1971-05-09,21,6,24,710,72,432,0.0555555555555556,1.64351851851852,2,1
259,"Chelsea_Obs","3A","Y",1971-05-10,21,11,33,807,72,792,0.0416666666666667,1.01893939393939,3,1
376,"Chelsea_Obs","3A","Y",1971-05-10,12,11,71,2030,122.2,1344.2,0.0528195209046273,1.51019193572385,3,1
292,"Chelsea_Obs","3A","Y",1971-05-11,21,11,22,971,72,792,0.0277777777777778,1.2260101010101,4,1
385,"Chelsea_Obs","3A","Y",1971-05-11,12,12,61,2353,122.2,1466.4,0.0415984724495363,1.60460992907801,4,1
128,"Chelsea_Obs","3A","Y",1971-05-12,21,9,15,375,72,648,0.0231481481481481,0.578703703703704,5,1
336,"Chelsea_Obs","3A","Y",1971-05-12,12,10,28,1258,122.2,1222,0.0229132569558101,1.02945990180033,5,1
81,"Chelsea_Obs","3A","Y",1971-05-13,21,11,5,268,72,792,0.00631313131313131,0.338383838383838,6,1
344,"Chelsea_Obs","3A","Y",1971-05-13,12,11,21,1373,122.2,1344.2,0.0156226751971433,1.02142538312751,6,1
225,"Chelsea_Obs","3A","Y",1971-05-15,12,12,26,680,122.2,1466.4,0.0177304964539007,0.463720676486634,8,1
305,"Chelsea_Obs","3A","Y",1971-05-15,21,10,19,1026,72,720,0.0263888888888889,1.425,8,1
123,"Chelsea_Obs","3A","Y",1971-05-16,21,11,15,363,72,792,0.0189393939393939,0.458333333333333,9,1
209,"Chelsea_Obs","3A","Y",1971-05-16,12,11,26,615,122.2,1344.2,0.0193423597678917,0.457521202202053,9,1
205,"Chelsea_Obs","3A","Y",1971-05-17,21,12,18,609,72,864,0.0208333333333333,0.704861111111111,10,1
332,"Chelsea_Obs","3A","Y",1971-05-17,12,12,31,1233,122.2,1466.4,0.0211402073104201,0.840834697217676,10,1
60,"Chelsea_Obs","3A","Y",1971-05-18,12,8,6,187,122.2,977.6,0.00613747954173486,0.191284779050736,11,1
88,"Chelsea_Obs","3A","Y",1971-05-18,21,8,8,280,72,576,0.0138888888888889,0.486111111111111,11,1
91,"Chelsea_Obs","3A","Y",1971-05-20,21,10,3,288,72,720,0.00416666666666667,0.4,13,1
239,"Chelsea_Obs","3A","Y",1971-05-20,12,10,15,737,122.2,1222,0.0122749590834697,0.603109656301146,13,1
20,"Chelsea_Obs","3A","Y",1971-05-21,12,5,1,33,122.2,611,0.0016366612111293,0.0540098199672668,14,1
50,"Chelsea_Obs","3A","Y",1971-05-21,21,6,4,155,72,432,0.00925925925925926,0.358796296296296,14,1
82,"Chelsea_Obs","3A","Y",1971-05-22,12,12,11,269,122.2,1466.4,0.00750136388434261,0.183442444080742,15,1
258,"Chelsea_Obs","3A","Y",1971-05-22,21,11,15,806,72,792,0.0189393939393939,1.01767676767677,15,1
129,"Chelsea_Obs","3A","Y",1971-05-23,21,10,20,379,72,720,0.0277777777777778,0.526388888888889,16,1
227,"Chelsea_Obs","3A","Y",1971-05-23,12,10,49,695,122.2,1222,0.0400981996726678,0.56873977086743,16,1
269,"Chelsea_Obs","3A","Y",1971-05-25,21,15,25,879,72,1080,0.0231481481481481,0.813888888888889,18,1
355,"Chelsea_Obs","3A","Y",1971-05-25,12,15,43,1508,122.2,1833,0.0234588106928532,0.822695035460993,18,1
39,"Chelsea_Obs","3A","Y",1971-05-26,21,5,3,104,72,360,0.00833333333333333,0.288888888888889,19,1
118,"Chelsea_Obs","3A","Y",1971-05-26,12,5,6,347,122.2,611,0.00981996726677578,0.567921440261866,19,1
240,"Chelsea_1","3A","Y",1971-07-09,21,11,13,738,72.1,793.1,0.0163913756146766,0.930525784894717,0,2
265,"Chelsea_1","3A","Y",1971-07-09,12,12,42,862,121.1,1453.2,0.0289017341040462,0.593173685659235,0,2
275,"Chelsea_1","3A","Y",1971-07-09,18,12,22,894,81.9,982.8,0.0223850223850224,0.90964590964591,0,2
353,"Chelsea_1","3A","Y",1971-07-09,24,13,38,1497,60.8,790.4,0.0480769230769231,1.89397773279352,0,2
133,"Chelsea_1","3A","Y",1971-07-10,18,12,11,393,81.9,982.8,0.0111925111925112,0.3998778998779,1,2
228,"Chelsea_1","3A","Y",1971-07-10,21,12,28,697,72.1,865.2,0.0323624595469256,0.805594082293111,1,2
254,"Chelsea_1","3A","Y",1971-07-10,24,12,15,795,60.8,729.6,0.0205592105263158,1.08963815789474,1,2
386,"Chelsea_1","3A","Y",1971-07-10,12,12,51,2363,121.1,1453.2,0.0350949628406276,1.62606661161574,1,2
260,"Chelsea_1","3A","Y",1971-07-11,21,12,17,835,72.1,865.2,0.0196486361534905,0.965094775774388,2,2
286,"Chelsea_1","3A","Y",1971-07-11,12,12,23,946,121.1,1453.2,0.0158271401045968,0.650977153867327,2,2
341,"Chelsea_1","3A","Y",1971-07-11,18,12,24,1330,81.9,982.8,0.0244200244200244,1.35327635327635,2,2
350,"Chelsea_1","3A","Y",1971-07-11,24,12,38,1424,60.8,729.6,0.0520833333333333,1.95175438596491,2,2
145,"Chelsea_1","3A","Y",1971-07-12,12,12,13,434,121.1,1453.2,0.0089457748417286,0.298651252408478,3,2
179,"Chelsea_1","3A","Y",1971-07-12,21,12,14,531,72.1,865.2,0.0161812297734628,0.61373092926491,3,2
184,"Chelsea_1","3A","Y",1971-07-12,24,12,20,541,60.8,729.6,0.0274122807017544,0.741502192982456,3,2
230,"Chelsea_1","3A","Y",1971-07-12,18,12,17,704,81.9,982.8,0.0172975172975173,0.716320716320716,3,2
109,"Chelsea_1","3A","Y",1971-07-13,24,12,8,337,60.8,729.6,0.0109649122807018,0.461896929824561,4,2
114,"Chelsea_1","3A","Y",1971-07-13,18,12,9,343,81.9,982.8,0.00915750915750916,0.349002849002849,4,2
343,"Chelsea_1","3A","Y",1971-07-13,12,12,29,1371,121.1,1453.2,0.0199559592623176,0.943435177539224,4,2
348,"Chelsea_1","3A","Y",1971-07-13,21,12,20,1406,72.1,865.2,0.0231160425335183,1.62505779010633,4,2
290,"Chelsea_1","3A","Y",1971-07-14,21,12,24,959,72.1,865.2,0.0277392510402219,1.1084142394822,5,2
322,"Chelsea_1","3A","Y",1971-07-14,24,12,32,1158,60.8,729.6,0.043859649122807,1.58717105263158,5,2
330,"Chelsea_1","3A","Y",1971-07-14,18,12,28,1202,81.9,982.8,0.0284900284900285,1.22303622303622,5,2
373,"Chelsea_1","3A","Y",1971-07-14,12,12,55,1937,121.1,1453.2,0.0378475089457748,1.33292045141756,5,2
74,"Chelsea_1","3A","Y",1971-07-15,24,12,8,240,60.8,729.6,0.0109649122807018,0.328947368421053,6,2
180,"Chelsea_1","3A","Y",1971-07-15,12,12,17,533,121.1,1453.2,0.0116983209468759,0.366776768510873,6,2
263,"Chelsea_1","3A","Y",1971-07-15,21,12,21,853,72.1,865.2,0.0242718446601942,0.985899214054554,6,2
291,"Chelsea_1","3A","Y",1971-07-15,18,12,35,965,81.9,982.8,0.0356125356125356,0.981888481888482,6,2
141,"Chelsea_1","3A","Y",1971-07-16,21,12,13,407,72.1,865.2,0.0150254276467869,0.470411465557097,7,2
153,"Chelsea_1","3A","Y",1971-07-16,18,12,23,455,81.9,982.8,0.0234025234025234,0.462962962962963,7,2
223,"Chelsea_1","3A","Y",1971-07-16,24,12,26,677,60.8,729.6,0.0356359649122807,0.927905701754386,7,2
231,"Chelsea_1","3A","Y",1971-07-16,12,12,25,708,121.1,1453.2,0.0172034131571704,0.487200660611065,7,2
23,"Chelsea_1","3A","Y",1971-07-17,24,12,2,52,60.8,729.6,0.00274122807017544,0.0712719298245614,8,2
92,"Chelsea_1","3A","Y",1971-07-17,18,12,9,291,81.9,982.8,0.00915750915750916,0.296092796092796,8,2
115,"Chelsea_1","3A","Y",1971-07-17,12,12,10,344,121.1,1453.2,0.00688136526286815,0.236718965042664,8,2
110,"Chelsea_2","3A","Y",1971-07-22,12,12,12,337,121.1,1453.2,0.00825763831544178,0.231902009358657,0,3
116,"Chelsea_2","3A","Y",1971-07-22,18,12,22,346,81.9,982.8,0.0223850223850224,0.352055352055352,0,3
173,"Chelsea_2","3A","Y",1971-07-22,24,12,21,507,60.8,729.6,0.0287828947368421,0.694901315789474,0,3
298,"Chelsea_2","3A","Y",1971-07-22,21,12,24,995,72.1,865.2,0.0277392510402219,1.15002311604253,0,3
124,"Chelsea_2","3A","Y",1971-07-23,24,8,9,366,60.8,486.4,0.0185032894736842,0.752467105263158,1,3
156,"Chelsea_2","3A","Y",1971-07-23,12,8,13,457,121.1,968.8,0.0134186622625929,0.471717588769612,1,3
273,"Chelsea_2","3A","Y",1971-07-23,21,8,27,892,72.1,576.8,0.0468099861303745,1.54646324549237,1,3
278,"Chelsea_2","3A","Y",1971-07-23,18,8,26,901,81.9,655.2,0.0396825396825397,1.37515262515263,1,3
149,"Chelsea_2","3A","Y",1971-07-24,18,10,15,450,81.9,819,0.0183150183150183,0.549450549450549,2,3
182,"Chelsea_2","3A","Y",1971-07-24,21,10,12,536,72.1,721,0.0166435506241331,0.743411927877947,2,3
233,"Chelsea_2","3A","Y",1971-07-24,12,10,35,719,121.1,1211,0.0289017341040462,0.593724194880264,2,3
252,"Chelsea_2","3A","Y",1971-07-24,24,10,21,792,60.8,608,0.0345394736842105,1.30263157894737,2,3
150,"Chelsea_2","3A","Y",1971-07-25,12,10,23,452,121.1,1211,0.0189925681255161,0.373245251857969,3,3
272,"Chelsea_2","3A","Y",1971-07-25,24,10,25,890,60.8,608,0.0411184210526316,1.46381578947368,3,3
276,"Chelsea_2","3A","Y",1971-07-25,21,10,21,894,72.1,721,0.029126213592233,1.23994452149792,3,3
282,"Chelsea_2","3A","Y",1971-07-25,18,10,30,929,81.9,819,0.0366300366300366,1.13431013431013,3,3
196,"Chelsea_2","3A","Y",1971-07-26,24,12,15,581,60.8,729.6,0.0205592105263158,0.796326754385965,4,3
199,"Chelsea_2","3A","Y",1971-07-26,18,12,23,590,81.9,982.8,0.0234025234025234,0.6003256003256,4,3
206,"Chelsea_2","3A","Y",1971-07-26,21,12,20,610,72.1,865.2,0.0231160425335183,0.705039297272307,4,3
243,"Chelsea_2","3A","Y",1971-07-26,12,12,39,758,121.1,1453.2,0.0268373245251858,0.521607486925406,4,3
94,"Chelsea_2","3A","Y",1971-07-27,24,11,6,306,60.8,668.8,0.00897129186602871,0.457535885167464,5,3
102,"Chelsea_2","3A","Y",1971-07-27,18,11,6,324,81.9,900.9,0.00666000666000666,0.35964035964036,5,3
238,"Chelsea_2","3A","Y",1971-07-27,12,11,14,736,121.1,1332.1,0.0105097214923805,0.552511072742287,5,3
245,"Chelsea_2","3A","Y",1971-07-27,21,11,12,769,72.1,793.1,0.0151305005673938,0.969612911360484,5,3
174,"Chelsea_2","3A","Y",1971-07-28,12,12,56,508,121.1,1453.2,0.0385356454720617,0.349573355353702,6,3
207,"Chelsea_2","3A","Y",1971-07-28,24,12,21,611,60.8,729.6,0.0287828947368421,0.837445175438597,6,3
287,"Chelsea_2","3A","Y",1971-07-28,18,12,27,953,81.9,982.8,0.0274725274725275,0.96967846967847,6,3
345,"Chelsea_2","3A","Y",1971-07-28,21,12,31,1383,72.1,865.2,0.0358298659269533,1.59847434119279,6,3
257,"Chelsea_2","3A","Y",1971-07-29,21,12,30,804,72.1,865.2,0.0346740638002774,0.929264909847434,7,3
293,"Chelsea_2","3A","Y",1971-07-29,18,12,28,971,81.9,982.8,0.0284900284900285,0.987993487993488,7,3
296,"Chelsea_2","3A","Y",1971-07-29,24,12,28,993,60.8,729.6,0.0383771929824561,1.36101973684211,7,3
352,"Chelsea_2","3A","Y",1971-07-29,12,12,33,1490,121.1,1453.2,0.0227085053674649,1.02532342416736,7,3
96,"Chelsea_2","3A","Y",1971-07-30,21,12,11,311,72.1,865.2,0.012713823393435,0.359454461396209,8,3
157,"Chelsea_2","3A","Y",1971-07-30,24,12,9,458,60.8,729.6,0.0123355263157895,0.627741228070176,8,3
244,"Chelsea_2","3A","Y",1971-07-30,18,12,23,768,81.9,982.8,0.0234025234025234,0.781440781440781,8,3
251,"Chelsea_2","3A","Y",1971-07-30,12,12,20,792,121.1,1453.2,0.0137627305257363,0.545004128819158,8,3
125,"Chelsea_2","3A","Y",1971-07-31,24,12,5,367,60.8,729.6,0.0068530701754386,0.503015350877193,9,3
134,"Chelsea_2","3A","Y",1971-07-31,21,12,12,395,72.1,865.2,0.013869625520111,0.456541840036986,9,3
250,"Chelsea_2","3A","Y",1971-07-31,12,12,23,790,121.1,1453.2,0.0158271401045968,0.543627855766584,9,3
294,"Chelsea_2","3A","Y",1971-07-31,18,12,14,978,81.9,982.8,0.0142450142450142,0.995115995115995,9,3
65,"Chelsea_2","3A","Y",1971-08-01,21,12,7,223,72.1,865.2,0.00809061488673139,0.257743874248729,10,3
103,"Chelsea_2","3A","Y",1971-08-01,18,12,9,325,81.9,982.8,0.00915750915750916,0.330687830687831,10,3
172,"Chelsea_2","3A","Y",1971-08-01,24,12,10,505,60.8,729.6,0.0137061403508772,0.692160087719298,10,3
200,"Chelsea_2","3A","Y",1971-08-01,12,12,11,591,121.1,1453.2,0.00756950178915497,0.406688687035508,10,3
221,"Chelsea_2","3A","Y",1971-08-02,18,12,13,674,81.9,982.8,0.0132275132275132,0.685795685795686,11,3
264,"Chelsea_2","3A","Y",1971-08-02,12,12,17,854,121.1,1453.2,0.0116983209468759,0.58766859344894,11,3
310,"Chelsea_2","3A","Y",1971-08-02,24,12,23,1084,60.8,729.6,0.0315241228070175,1.48574561403509,11,3
337,"Chelsea_2","3A","Y",1971-08-02,21,12,31,1269,72.1,865.2,0.0358298659269533,1.46671289875173,11,3
167,"Chelsea_3","3A","Y",1971-08-06,21,12,15,489,72.1,865.2,0.0173370319001387,0.565187239944522,0,4
214,"Chelsea_3","3A","Y",1971-08-06,24,12,19,645,60.8,729.6,0.0260416666666667,0.884046052631579,0,4
360,"Chelsea_3","3A","Y",1971-08-06,12,12,27,1604,121.1,1453.2,0.018579686209744,1.10377098816405,0,4
362,"Chelsea_3","3A","Y",1971-08-06,18,12,31,1623,81.9,982.8,0.0315425315425315,1.65140415140415,0,4
188,"Chelsea_3","3A","Y",1971-08-07,21,12,15,556,72.1,865.2,0.0173370319001387,0.642625982431808,1,4
204,"Chelsea_3","3A","Y",1971-08-07,18,12,15,607,81.9,982.8,0.0152625152625153,0.617623117623118,1,4
234,"Chelsea_3","3A","Y",1971-08-07,24,12,15,719,60.8,729.6,0.0205592105263158,0.98547149122807,1,4
323,"Chelsea_3","3A","Y",1971-08-07,12,12,22,1159,121.1,1453.2,0.0151390035783099,0.797550233966419,1,4
67,"Chelsea_3","3A","Y",1971-08-08,12,12,12,229,121.1,1453.2,0.00825763831544178,0.157583264519681,2,4
131,"Chelsea_3","3A","Y",1971-08-08,18,12,13,383,81.9,982.8,0.0132275132275132,0.38970288970289,2,4
187,"Chelsea_3","3A","Y",1971-08-08,24,14,10,550,60.8,851.2,0.0117481203007519,0.646146616541353,2,4
285,"Chelsea_3","3A","Y",1971-08-08,21,12,21,945,72.1,865.2,0.0242718446601942,1.09223300970874,2,4
154,"Chelsea_3","3A","Y",1971-08-09,12,12,9,456,121.1,1453.2,0.00619322873658134,0.313790255986788,3,4
249,"Chelsea_3","3A","Y",1971-08-09,24,12,16,786,60.8,729.6,0.0219298245614035,1.07730263157895,3,4
274,"Chelsea_3","3A","Y",1971-08-09,21,12,24,893,72.1,865.2,0.0277392510402219,1.03213129912159,3,4
318,"Chelsea_3","3A","Y",1971-08-09,18,12,20,1122,81.9,982.8,0.0203500203500203,1.14163614163614,3,4
185,"Chelsea_3","3A","Y",1971-08-10,21,9,12,541,72.1,648.9,0.0184928340268146,0.833718600708892,4,4
242,"Chelsea_3","3A","Y",1971-08-10,18,9,15,746,81.9,737.1,0.0203500203500203,1.01207434540768,4,4
321,"Chelsea_3","3A","Y",1971-08-10,12,9,19,1146,121.1,1089.9,0.017432791999266,1.05147261216625,4,4
378,"Chelsea_3","3A","Y",1971-08-10,24,9,34,2139,60.8,547.2,0.0621345029239766,3.90899122807018,4,4
121,"Chelsea_3","3A","Y",1971-08-11,12,12,9,357,121.1,1453.2,0.00619322873658134,0.245664739884393,5,4
166,"Chelsea_3","3A","Y",1971-08-11,21,12,10,483,72.1,865.2,0.0115580212667591,0.558252427184466,5,4
334,"Chelsea_3","3A","Y",1971-08-11,24,12,19,1247,60.8,729.6,0.0260416666666667,1.70915570175439,5,4
390,"Chelsea_3","3A","Y",1971-08-11,18,12,58,2634,81.9,982.8,0.059015059015059,2.68009768009768,5,4
56,"Chelsea_3","3A","Y",1971-08-12,21,12,5,178,72.1,865.2,0.00577901063337957,0.205732778548313,6,4
93,"Chelsea_3","3A","Y",1971-08-12,24,12,6,297,60.8,729.6,0.00822368421052632,0.407072368421053,6,4
197,"Chelsea_3","3A","Y",1971-08-12,12,12,12,581,121.1,1453.2,0.00825763831544178,0.39980732177264,6,4
315,"Chelsea_3","3A","Y",1971-08-12,18,12,16,1108,81.9,982.8,0.0162800162800163,1.12739112739113,6,4
194,"Chelsea_3","3A","Y",1971-08-13,24,12,13,571,60.8,729.6,0.0178179824561404,0.782620614035088,7,4
215,"Chelsea_3","3A","Y",1971-08-13,18,12,17,648,81.9,982.8,0.0172975172975173,0.659340659340659,7,4
300,"Chelsea_3","3A","Y",1971-08-13,12,12,19,1003,121.1,1453.2,0.0130745939994495,0.690200935865676,7,4
304,"Chelsea_3","3A","Y",1971-08-13,21,12,20,1017,72.1,865.2,0.0231160425335183,1.1754507628294,7,4
77,"Chelsea_3","3A","Y",1971-08-14,21,12,10,252,72.1,865.2,0.0115580212667591,0.29126213592233,8,4
132,"Chelsea_3","3A","Y",1971-08-14,18,12,9,387,81.9,982.8,0.00915750915750916,0.393772893772894,8,4
170,"Chelsea_3","3A","Y",1971-08-14,24,12,10,498,60.8,729.6,0.0137061403508772,0.682565789473684,8,4
339,"Chelsea_3","3A","Y",1971-08-14,12,12,16,1311,121.1,1453.2,0.011010184420589,0.902146985962015,8,4
120,"Chelsea_3","3A","Y",1971-08-15,24,13,9,353,60.8,790.4,0.0113866396761134,0.446609311740891,9,4
216,"Chelsea_3","3A","Y",1971-08-15,21,12,13,651,72.1,865.2,0.0150254276467869,0.75242718446602,9,4
295,"Chelsea_3","3A","Y",1971-08-15,12,13,18,987,121.1,1574.3,0.0114336530521502,0.626945309026234,9,4
311,"Chelsea_3","3A","Y",1971-08-15,18,10,30,1090,81.9,819,0.0366300366300366,1.33089133089133,9,4
54,"Chelsea_3","3A","Y",1971-08-16,12,12,7,171,121.1,1453.2,0.00481695568400771,0.117671345995045,10,4
210,"Chelsea_3","3A","Y",1971-08-16,24,12,9,616,60.8,729.6,0.0123355263157895,0.844298245614035,10,4
266,"Chelsea_3","3A","Y",1971-08-16,18,12,16,862,81.9,982.8,0.0162800162800163,0.877085877085877,10,4
281,"Chelsea_3","3A","Y",1971-08-16,21,12,20,919,72.1,865.2,0.0231160425335183,1.06218215441516,10,4
169,"Chelsea_3","3A","Y",1971-08-17,18,12,10,496,81.9,982.8,0.0101750101750102,0.504680504680505,11,4
229,"Chelsea_3","3A","Y",1971-08-17,24,12,14,702,60.8,729.6,0.0191885964912281,0.962171052631579,11,4
288,"Chelsea_3","3A","Y",1971-08-17,12,12,18,956,121.1,1453.2,0.0123864574731627,0.657858519130196,11,4
316,"Chelsea_3","3A","Y",1971-08-17,21,12,24,1115,72.1,865.2,0.0277392510402219,1.28871937124364,11,4
347,"Agnes-O_Obs","2","Y",1971-08-24,18,7,131,1402,88.9,622.3,0.210509400610638,2.25293266913064,0,5
389,"Agnes-O_Obs","2","Y",1971-08-24,13,13,218,2557,110.2,1432.6,0.152170878123691,1.78486667597375,0,5
396,"Agnes-O_Obs","2","Y",1971-08-25,18,15,267,2971,88.9,1333.5,0.200224971878515,2.22797150356205,1,5
406,"Agnes-O_Obs","2","Y",1971-08-25,13,23,455,5074,110.2,2534.6,0.179515505405192,2.00189378994713,1,5
387,"Agnes-O_Obs","2","Y",1971-08-26,18,14,216,2376,88.9,1244.6,0.173549734854572,1.90904708340029,2,5
407,"Agnes-O_Obs","2","Y",1971-08-26,13,25,515,5785,110.2,2755,0.186932849364791,2.09981851179673,2,5
365,"Agnes-O_Obs","2","Y",1971-08-27,18,12,151,1716,88.9,1066.8,0.141544806899138,1.60854893138358,3,5
403,"Agnes-O_Obs","2","Y",1971-08-27,13,23,391,4340,110.2,2534.6,0.15426497277677,1.71230174386491,3,5
327,"Agnes-O_Obs","2","Y",1971-08-28,18,11,100,1175,88.9,977.9,0.10225994477963,1.20155435116065,4,5
382,"Agnes-O_Obs","2","Y",1971-08-28,13,22,191,2271,110.2,2424.4,0.0787823791453555,0.93672661277017,4,5
317,"Agnes-O_Obs","2","Y",1971-08-29,18,10,105,1118,88.9,889,0.118110236220472,1.25759280089989,5,5
358,"Agnes-O_Obs","2","Y",1971-08-29,13,20,135,1555,110.2,2204,0.0612522686025408,0.705535390199637,5,5
262,"Agnes-O_Obs","2","Y",1971-08-30,18,11,65,843,88.9,977.9,0.0664689641067594,0.862051334492279,6,5
381,"Agnes-O_Obs","2","Y",1971-08-30,13,24,162,2217,110.2,2644.8,0.0612522686025408,0.838248638838475,6,5
86,"Republic_1","4","Y",1972-03-13,42,8,7,276,41.9,335.2,0.0208830548926014,0.823389021479714,0,6
101,"Republic_1","4","Y",1972-03-13,12,9,6,322,123.8,1114.2,0.0053850296176629,0.288996589481242,0,6
183,"Republic_1","4","Y",1972-03-13,21,6,14,540,82.1,492.6,0.0284206252537556,1.09622411693057,0,6
40,"Republic_1","4","Y",1972-03-14,12,9,1,106,123.8,1114.2,0.000897504936277149,0.0951355232453778,1,6
69,"Republic_1","4","Y",1972-03-14,21,6,5,230,82.1,492.6,0.0101502233049127,0.466910272025985,1,6
136,"Republic_1","4","Y",1972-03-14,42,8,8,401,41.9,335.2,0.0238663484486874,1.19630071599045,1,6
1,"Republic_1","4","Y",1972-03-15,21,4,0,0,82.1,328.4,0,0,2,6
119,"Republic_1","4","Y",1972-03-15,12,9,7,349,123.8,1114.2,0.00628253455394005,0.313229222760725,2,6
218,"Republic_1","4","Y",1972-03-15,42,8,18,659,41.9,335.2,0.0536992840095465,1.96599045346062,2,6
57,"Republic_1","4","Y",1972-03-16,12,9,7,183,123.8,1114.2,0.00628253455394005,0.164243403338718,3,6
78,"Republic_1","4","Y",1972-03-16,21,4,9,256,82.1,328.4,0.0274056029232643,0.779537149817296,3,6
138,"Republic_1","4","Y",1972-03-16,42,8,11,404,41.9,335.2,0.0328162291169451,1.20525059665871,3,6
15,"Republic_1","4","Y",1972-03-17,42,8,1,25,41.9,335.2,0.00298329355608592,0.074582338902148,4,6
55,"Republic_1","4","Y",1972-03-17,12,9,5,172,123.8,1114.2,0.00448752468138575,0.15437084903967,4,6
97,"Republic_1","4","Y",1972-03-17,21,5,9,312,82.1,410.5,0.0219244823386114,0.760048721071864,4,6
2,"Republic_1","4","Y",1972-03-18,21,6,0,0,82.1,492.6,0,0,5,6
3,"Republic_1","4","Y",1972-03-18,42,8,0,0,41.9,335.2,0,0,5,6
45,"Republic_1","4","Y",1972-03-18,12,9,5,131,123.8,1114.2,0.00448752468138575,0.117573146652307,5,6
37,"Republic_1","4","Y",1972-03-19,42,8,6,100,41.9,335.2,0.0178997613365155,0.298329355608592,6,6
43,"Republic_1","4","Y",1972-03-19,12,9,7,124,123.8,1114.2,0.00628253455394005,0.111290612098367,6,6
59,"Republic_1","4","Y",1972-03-19,21,5,3,185,82.1,410.5,0.00730816077953715,0.450669914738124,6,6
4,"Republic_1","4","Y",1972-03-20,42,8,0,0,41.9,335.2,0,0,7,6
27,"Republic_1","4","Y",1972-03-20,21,5,2,61,82.1,410.5,0.0048721071863581,0.148599269183922,7,6
89,"Republic_1","4","Y",1972-03-20,12,9,10,285,123.8,1114.2,0.0089750493627715,0.255788906838988,7,6
5,"Republic_1","4","Y",1972-03-23,42,8,0,0,41.9,335.2,0,0,10,6
24,"Republic_1","4","Y",1972-03-23,21,4,2,55,82.1,328.4,0.00609013398294763,0.16747868453106,10,6
176,"Republic_1","4","Y",1972-03-23,12,9,22,513,123.8,1114.2,0.0197451085980973,0.460420032310178,10,6
13,"Republic_1","4","Y",1972-03-25,21,5,1,14,82.1,410.5,0.00243605359317905,0.0341047503045067,12,6
49,"Republic_1","4","Y",1972-03-25,42,8,4,153,41.9,335.2,0.0119331742243437,0.456443914081146,12,6
66,"Republic_1","4","Y",1972-03-25,12,9,14,226,123.8,1114.2,0.0125650691078801,0.202836115598636,12,6
76,"Republic_1","4","Y",1972-03-26,42,5,7,245,41.9,209.5,0.0334128878281623,1.16945107398568,13,6
95,"Republic_1","4","Y",1972-03-26,21,4,15,309,82.1,328.4,0.0456760048721072,0.940925700365408,13,6
158,"Republic_1","4","Y",1972-03-26,12,6,16,458,123.8,742.8,0.0215401184706516,0.616585891222402,13,6
212,"Republic_2","3A","Y",1972-03-29,42,8,16,620,41.9,335.2,0.0477326968973747,1.84964200477327,0,7
366,"Republic_2","3A","Y",1972-03-29,21,7,48,1730,82.1,574.7,0.0835218374804246,3.01026622585697,0,7
368,"Republic_2","3A","Y",1972-03-29,12,9,58,1809,123.8,1114.2,0.0520552863040747,1.62358642972536,0,7
312,"Republic_2","3A","Y",1972-03-30,42,8,24,1096,41.9,335.2,0.0715990453460621,3.26968973747017,1,7
384,"Republic_2","3A","Y",1972-03-30,21,8,74,2318,82.1,656.8,0.112667478684531,3.52923264311815,1,7
393,"Republic_2","3A","Y",1972-03-30,12,10,89,2711,123.8,1238,0.0718901453957997,2.18982229402262,1,7
53,"Republic_2","3A","Y",1972-03-31,42,7,31,1268,41.9,293.3,0.105693828844187,4.32321854756222,2,7
313,"Republic_2","3A","Y",1972-03-31,21,7,31,1097,82.1,574.7,0.0539411867061075,1.90882199408387,2,7
356,"Republic_2","3A","Y",1972-03-31,12,9,50,1527,123.8,1114.2,0.0448752468138575,1.37049003769521,2,7
261,"Republic_2","3A","Y",1972-04-01,42,8,24,835,41.9,335.2,0.0715990453460621,2.49105011933174,3,7
314,"Republic_2","3A","Y",1972-04-01,21,7,34,1104,82.1,574.7,0.0591613015486341,1.92100226204977,3,7
342,"Republic_2","3A","Y",1972-04-01,12,9,37,1351,123.8,1114.2,0.0332076826422545,1.21252916891043,3,7
359,"Republic_2","3A","Y",1972-04-02,21,7,48,1603,82.1,574.7,0.0835218374804246,2.78928136419001,4,7
364,"Republic_2","3A","Y",1972-04-02,42,8,43,1667,41.9,335.2,0.128281622911695,4.97315035799523,4,7
377,"Republic_2","3A","Y",1972-04-02,12,9,59,2039,123.8,1114.2,0.0529527912403518,1.83001256506911,4,7
155,"Republic_2","3A","Y",1972-04-03,42,8,12,456,41.9,335.2,0.035799522673031,1.36038186157518,5,7
222,"Republic_2","3A","Y",1972-04-03,21,7,19,675,82.1,574.7,0.0330607273360014,1.17452583956847,5,7
247,"Republic_2","3A","Y",1972-04-03,12,9,28,782,123.8,1114.2,0.0251301382157602,0.701848860168731,5,7
62,"Seapack_1","2","Y",1972-06-11,18,10,4,199,95.2,952,0.00420168067226891,0.209033613445378,0,8
84,"Seapack_1","2","Y",1972-06-11,13,10,7,272,128.4,1284,0.00545171339563863,0.21183800623053,0,8
192,"Seapack_1","2","Y",1972-06-11,9,10,18,566,176.2,1762,0.0102156640181612,0.321225879682179,0,8
85,"Seapack_1","2","Y",1972-06-12,18,10,5,273,95.2,952,0.00525210084033613,0.286764705882353,1,8
248,"Seapack_1","2","Y",1972-06-12,9,10,11,784,176.2,1762,0.00624290578887628,0.444948921679909,1,8
328,"Seapack_1","2","Y",1972-06-12,13,10,19,1194,128.4,1284,0.014797507788162,0.929906542056075,1,8
17,"Seapack_1","2","Y",1972-06-13,13,5,1,26,128.4,642,0.00155763239875389,0.0404984423676012,2,8
41,"Seapack_1","2","Y",1972-06-13,18,10,3,113,95.2,952,0.00315126050420168,0.118697478991597,2,8
198,"Seapack_1","2","Y",1972-06-13,9,10,12,582,176.2,1762,0.00681044267877412,0.330306469920545,2,8
72,"Seapack_1","2","Y",1972-06-14,18,5,5,238,95.2,476,0.0105042016806723,0.5,3,8
104,"Seapack_1","2","Y",1972-06-14,9,5,7,325,176.2,881,0.00794551645856981,0.368898978433598,3,8
147,"Seapack_1","2","Y",1972-06-14,13,4,10,443,128.4,513.6,0.0194704049844237,0.862538940809969,3,8
106,"Seapack_1","2","Y",1972-06-15,18,11,10,333,95.2,1047.2,0.00954927425515661,0.317990832696715,4,8
246,"Seapack_1","2","Y",1972-06-15,13,9,19,776,128.4,1155.6,0.01644167532018,0.671512634129456,4,8
297,"Seapack_1","2","Y",1972-06-15,9,10,24,994,176.2,1762,0.0136208853575482,0.564131668558456,4,8
58,"Seapack_1","2","Y",1972-06-16,18,10,4,183,95.2,952,0.00420168067226891,0.192226890756303,5,8
83,"Seapack_1","2","Y",1972-06-16,13,10,6,269,128.4,1284,0.00467289719626168,0.209501557632399,5,8
140,"Seapack_1","2","Y",1972-06-16,9,10,9,405,176.2,1762,0.00510783200908059,0.229852440408627,5,8
30,"Seapack_1","2","Y",1972-06-17,9,10,7,71,176.2,1762,0.0039727582292849,0.0402951191827469,6,8
36,"Seapack_1","2","Y",1972-06-17,18,10,9,95,95.2,952,0.00945378151260504,0.0997899159663866,6,8
38,"Seapack_1","2","Y",1972-06-17,13,10,11,103,128.4,1284,0.00856697819314642,0.0802180685358255,6,8
6,"Seapack_1","2","Y",1972-06-18,13,10,0,0,128.4,1284,0,0,7,8
16,"Seapack_1","2","Y",1972-06-18,18,10,2,25,95.2,952,0.00210084033613445,0.0262605042016807,7,8
28,"Seapack_1","2","Y",1972-06-18,9,10,1,61,176.2,1762,0.000567536889897843,0.0346197502837684,7,8
99,"Seapack_1","2","Y",1972-06-19,9,10,18,318,176.2,1762,0.0102156640181612,0.180476730987514,8,8
143,"Seapack_1","2","Y",1972-06-19,18,10,18,415,95.2,952,0.0189075630252101,0.435924369747899,8,8
161,"Seapack_1","2","Y",1972-06-19,13,10,14,472,128.4,1284,0.0109034267912773,0.367601246105919,8,8
52,"Seapack_1","2","Y",1972-06-20,13,10,10,166,128.4,1284,0.00778816199376947,0.129283489096573,9,8
70,"Seapack_1","2","Y",1972-06-20,18,10,13,237,95.2,952,0.0136554621848739,0.248949579831933,9,8
100,"Seapack_1","2","Y",1972-06-20,9,10,15,319,176.2,1762,0.00851305334846765,0.181044267877412,9,8
130,"Seapack_2","2","Y",1972-06-25,18,10,17,382,93.9,939,0.0181043663471778,0.406815761448349,0,9
255,"Seapack_2","2","Y",1972-06-25,9,10,28,796,160.5,1605,0.0174454828660436,0.49595015576324,0,9
302,"Seapack_2","2","Y",1972-06-25,13,10,35,1009,125.4,1254,0.0279106858054226,0.804625199362041,0,9
79,"Seapack_2","2","Y",1972-06-26,18,10,12,261,93.9,939,0.012779552715655,0.277955271565495,1,9
139,"Seapack_2","2","Y",1972-06-26,9,10,31,404,160.5,1605,0.0193146417445483,0.251713395638629,1,9
190,"Seapack_2","2","Y",1972-06-26,13,10,31,558,125.4,1254,0.0247208931419458,0.444976076555024,1,9
253,"Seapack_2","2","Y",1972-06-27,13,10,48,794,125.4,1254,0.0382775119617225,0.633173843700159,2,9
256,"Seapack_2","2","Y",1972-06-27,18,10,52,803,93.9,939,0.0553780617678381,0.855165069222577,2,9
267,"Seapack_2","2","Y",1972-06-27,9,9,55,871,160.5,1444.5,0.0380754586362063,0.602976808584285,2,9
325,"Seapack_2","2","Y",1972-06-28,9,10,96,1165,160.5,1605,0.0598130841121495,0.725856697819315,3,9
333,"Seapack_2","2","Y",1972-06-28,13,10,71,1239,125.4,1254,0.0566188197767145,0.988038277511962,3,9
369,"Seapack_2","2","Y",1972-06-28,18,10,89,1824,93.9,939,0.0947816826411076,1.94249201277955,3,9
201,"Seapack_2","2","Y",1972-06-29,13,10,34,597,125.4,1254,0.0271132376395534,0.476076555023923,4,9
219,"Seapack_2","2","Y",1972-06-29,18,10,29,664,93.9,939,0.0308839190628328,0.707135250266241,4,9
319,"Seapack_2","2","Y",1972-06-29,9,10,36,1127,160.5,1605,0.0224299065420561,0.702180685358255,4,9
326,"Seapack_2","2","Y",1972-06-30,13,10,74,1172,125.4,1254,0.0590111642743222,0.934609250398724,5,9
340,"Seapack_2","2","Y",1972-06-30,9,10,69,1312,160.5,1605,0.0429906542056075,0.817445482866044,5,9
379,"Seapack_2","2","Y",1972-06-30,18,10,72,2177,93.9,939,0.0766773162939297,2.31842385516507,5,9
144,"Seapack_2","2","Y",1972-07-01,18,10,23,421,93.9,939,0.0244941427050053,0.448349307774228,6,9
151,"Seapack_2","2","Y",1972-07-01,13,10,44,452,125.4,1254,0.0350877192982456,0.360446570972887,6,9
195,"Seapack_2","2","Y",1972-07-01,9,10,44,577,160.5,1605,0.0274143302180685,0.359501557632399,6,9
117,"Seapack_2","2","Y",1972-07-02,18,10,25,346,93.9,939,0.0266240681576145,0.368477103301384,7,9
122,"Seapack_2","2","Y",1972-07-02,13,10,21,358,125.4,1254,0.0167464114832536,0.28548644338118,7,9
308,"Seapack_2","2","Y",1972-07-02,9,10,34,1061,160.5,1605,0.021183800623053,0.661059190031153,7,9
283,"Cape Beal_1","2","Y",1972-08-18,13,10,144,932,124.9,1249,0.11529223378703,0.746196957566053,0,10
301,"Cape Beal_1","2","Y",1972-08-18,18,10,128,1004,102.4,1024,0.125,0.98046875,0,10
303,"Cape Beal_1","2","Y",1972-08-18,9,10,180,1011,195.8,1958,0.0919305413687436,0.516343207354443,0,10
237,"Cape Beal_1","2","Y",1972-08-19,18,10,100,724,102.4,1024,0.09765625,0.70703125,1,10
270,"Cape Beal_1","2","Y",1972-08-19,13,10,127,881,124.9,1249,0.101681345076061,0.705364291433146,1,10
331,"Cape Beal_1","2","Y",1972-08-19,9,10,193,1227,195.8,1958,0.0985699693564862,0.626659856996936,1,10
213,"Cape Beal_1","2","Y",1972-08-20,18,10,91,635,102.4,1024,0.0888671875,0.6201171875,2,10
241,"Cape Beal_1","2","Y",1972-08-20,13,10,117,742,124.9,1249,0.0936749399519616,0.594075260208166,2,10
307,"Cape Beal_1","2","Y",1972-08-20,9,10,161,1054,195.8,1958,0.0822267620020429,0.538304392236976,2,10
127,"Cape Beal_1","2","Y",1972-08-22,18,10,59,373,102.4,1024,0.0576171875,0.3642578125,4,10
211,"Cape Beal_1","2","Y",1972-08-22,9,10,90,618,195.8,1958,0.0459652706843718,0.315628192032686,4,10
280,"Cape Beal_1","2","Y",1972-08-22,13,10,144,905,124.9,1249,0.11529223378703,0.724579663730985,4,10
126,"Cape Beal_1","2","Y",1972-08-23,18,10,59,370,102.4,1024,0.0576171875,0.361328125,5,10
189,"Cape Beal_1","2","Y",1972-08-23,13,10,89,557,124.9,1249,0.0712570056044836,0.44595676541233,5,10
203,"Cape Beal_1","2","Y",1972-08-23,9,10,98,605,195.8,1958,0.0500510725229826,0.308988764044944,5,10
7,"Cape Beal_2","2","Y",1972-08-30,18,5,0,0,100.8,504,0,0,0,11
29,"Cape Beal_2","2","Y",1972-08-30,13,5,3,69,125.1,625.5,0.00479616306954436,0.11031175059952,0,11
163,"Cape Beal_2","2","Y",1972-08-30,9,5,5,475,195.8,979,0.00510725229826353,0.485188968335036,0,11
159,"Cape Beal_2","2","Y",1972-08-31,18,10,16,460,100.8,1008,0.0158730158730159,0.456349206349206,1,11
217,"Cape Beal_2","2","Y",1972-08-31,13,10,23,651,125.1,1251,0.0183852917665867,0.520383693045564,1,11
306,"Cape Beal_2","2","Y",1972-08-31,9,10,33,1052,195.8,1958,0.0168539325842697,0.537282941777324,1,11
111,"Cape Beal_2","2","Y",1972-09-01,9,10,10,337,195.8,1958,0.00510725229826353,0.172114402451481,2,11
135,"Cape Beal_2","2","Y",1972-09-01,13,10,14,395,125.1,1251,0.0111910471622702,0.315747402078337,2,11
178,"Cape Beal_2","2","Y",1972-09-01,18,10,11,527,100.8,1008,0.0109126984126984,0.52281746031746,2,11
51,"Cape Beal_2","2","Y",1972-09-02,9,10,3,156,195.8,1958,0.00153217568947906,0.0796731358529111,3,11
61,"Cape Beal_2","2","Y",1972-09-02,13,10,3,190,125.1,1251,0.00239808153477218,0.151878497202238,3,11
137,"Cape Beal_2","2","Y",1972-09-02,18,10,6,403,100.8,1008,0.00595238095238095,0.399801587301587,3,11
63,"Cape Beal_2","2","Y",1972-09-03,18,10,7,205,100.8,1008,0.00694444444444444,0.203373015873016,4,11
71,"Cape Beal_2","2","Y",1972-09-03,9,10,16,237,195.8,1958,0.00817160367722165,0.121041879468846,4,11
220,"Cape Beal_2","2","Y",1972-09-03,13,10,20,667,125.1,1251,0.0159872102318145,0.533173461231015,4,11
14,"AL Queen_1","2","Y",1972-10-05,18,12,1,22,81,972,0.00102880658436214,0.0226337448559671,0,12
19,"AL Queen_1","2","Y",1972-10-05,42,12,2,31,34.8,417.6,0.00478927203065134,0.0742337164750958,0,12
26,"AL Queen_1","2","Y",1972-10-05,36,12,3,60,40.3,483.6,0.00620347394540943,0.124069478908189,0,12
25,"AL Queen_1","2","Y",1972-10-06,42,10,5,56,34.8,348,0.014367816091954,0.160919540229885,1,12
34,"AL Queen_1","2","Y",1972-10-06,36,10,4,91,40.3,403,0.00992555831265509,0.225806451612903,1,12
152,"AL Queen_1","2","Y",1972-10-06,18,10,19,452,81,810,0.0234567901234568,0.558024691358025,1,12
12,"AL Queen_1","2","Y",1972-10-07,42,10,1,8,34.8,348,0.0028735632183908,0.0229885057471264,2,12
31,"AL Queen_1","2","Y",1972-10-07,36,10,5,71,40.3,403,0.0124069478908189,0.176178660049628,2,12
33,"AL Queen_1","2","Y",1972-10-07,18,10,4,80,81,810,0.00493827160493827,0.0987654320987654,2,12
64,"AL Queen_1","2","Y",1972-10-08,36,12,12,210,40.3,483.6,0.0248138957816377,0.43424317617866,3,12
107,"AL Queen_1","2","Y",1972-10-08,42,12,13,333,34.8,417.6,0.0311302681992337,0.797413793103448,3,12
338,"AL Queen_1","2","Y",1972-10-08,18,12,48,1275,81,972,0.0493827160493827,1.31172839506173,3,12
48,"AL Queen_1","2","Y",1972-10-09,42,9,10,144,34.8,313.2,0.0319284802043423,0.459770114942529,4,12
112,"AL Queen_1","2","Y",1972-10-09,36,12,16,339,40.3,483.6,0.033085194375517,0.700992555831266,4,12
191,"AL Queen_1","2","Y",1972-10-09,18,12,23,565,81,972,0.0236625514403292,0.581275720164609,4,12
46,"AL Queen_1","2","Y",1972-10-10,18,12,7,133,81,972,0.00720164609053498,0.136831275720165,5,12
73,"AL Queen_1","2","Y",1972-10-10,36,12,9,238,40.3,483.6,0.0186104218362283,0.492142266335815,5,12
87,"AL Queen_1","2","Y",1972-10-10,42,12,10,277,34.8,417.6,0.0239463601532567,0.663314176245211,5,12
22,"AL Queen_1","2","Y",1972-10-11,36,10,2,51,40.3,403,0.00496277915632754,0.126550868486352,6,12
42,"AL Queen_1","2","Y",1972-10-11,42,10,3,121,34.8,348,0.00862068965517241,0.347701149425287,6,12
68,"AL Queen_1","2","Y",1972-10-11,18,10,7,229,81,810,0.00864197530864197,0.282716049382716,6,12
32,"AL Queen_1","2","Y",1972-10-12,36,12,4,76,40.3,483.6,0.00827129859387924,0.157154673283706,7,12
108,"AL Queen_1","2","Y",1972-10-12,18,12,10,335,81,972,0.0102880658436214,0.344650205761317,7,12
113,"AL Queen_1","2","Y",1972-10-12,42,12,13,342,34.8,417.6,0.0311302681992337,0.818965517241379,7,12
8,"AL Queen_1","2","Y",1972-10-13,18,12,0,0,81,972,0,0,8,12
9,"AL Queen_1","2","Y",1972-10-13,36,12,0,0,40.3,483.6,0,0,8,12
10,"AL Queen_1","2","Y",1972-10-13,42,12,0,0,34.8,417.6,0,0,8,12
11,"AL Queen_1","2","Y",1972-10-14,42,12,0,0,34.8,417.6,0,0,9,12
18,"AL Queen_1","2","Y",1972-10-14,18,12,2,27,81,972,0.00205761316872428,0.0277777777777778,9,12
21,"AL Queen_1","2","Y",1972-10-14,36,12,3,48,40.3,483.6,0.00620347394540943,0.0992555831265509,9,12
271,"Republic_3","2","Y",1973-03-30,12,10,24,889,119.2,1192,0.0201342281879195,0.745805369127517,0,13
320,"Republic_3","2","Y",1973-03-30,36,10,32,1129,40.8,408,0.0784313725490196,2.7671568627451,0,13
374,"Republic_3","2","Y",1973-03-30,42,10,49,1937,41.2,412,0.118932038834951,4.70145631067961,0,13
397,"Republic_3","2","Y",1973-03-30,21,10,68,3027,81.2,812,0.083743842364532,3.72783251231527,0,13
324,"Republic_3","2","Y",1973-03-31,36,10,38,1163,40.8,408,0.0931372549019608,2.85049019607843,1,13
346,"Republic_3","2","Y",1973-03-31,21,10,41,1395,81.2,812,0.0504926108374384,1.7179802955665,1,13
372,"Republic_3","2","Y",1973-03-31,42,10,61,1911,41.2,412,0.148058252427184,4.63834951456311,1,13
391,"Republic_3","2","Y",1973-03-31,12,10,69,2637,119.2,1192,0.0578859060402685,2.21224832214765,1,13
395,"Republic_3","2","Y",1973-04-01,36,8,52,2868,40.8,326.4,0.159313725490196,8.78676470588235,2,13
400,"Republic_3","2","Y",1973-04-01,21,9,107,3672,81.2,730.8,0.146414887794198,5.02463054187192,2,13
401,"Republic_3","2","Y",1973-04-01,42,9,86,3814,41.2,370.8,0.2319309600863,10.2858683926645,2,13
408,"Republic_3","2","Y",1973-04-01,12,9,236,7775,119.2,1072.8,0.219985085756898,7.24739000745712,2,13
146,"Republic_3","2","Y",1973-04-04,42,6,14,439,41.2,247.2,0.0566343042071197,1.77588996763754,5,13
148,"Republic_3","2","Y",1973-04-04,36,6,19,443,40.8,244.8,0.0776143790849673,1.80964052287582,5,13
171,"Republic_3","2","Y",1973-04-04,12,6,20,502,119.2,715.2,0.0279642058165548,0.701901565995526,5,13
236,"Republic_3","2","Y",1973-04-04,21,6,25,720,81.2,487.2,0.0513136288998358,1.47783251231527,5,13
208,"Republic_3","2","Y",1973-04-06,12,8,18,613,119.2,953.6,0.0188758389261745,0.642827181208054,7,13
335,"Republic_3","2","Y",1973-04-06,36,8,36,1253,40.8,326.4,0.110294117647059,3.83884803921569,7,13
351,"Republic_3","2","Y",1973-04-06,42,8,46,1487,41.2,329.6,0.139563106796116,4.51152912621359,7,13
383,"Republic_3","2","Y",1973-04-06,21,8,56,2288,81.2,649.6,0.0862068965517241,3.52216748768473,7,13
142,"Republic_3","2","Y",1973-04-07,42,8,7,413,41.2,329.6,0.0212378640776699,1.25303398058252,8,13
193,"Republic_3","2","Y",1973-04-07,12,8,17,566,119.2,953.6,0.0178271812080537,0.593540268456376,8,13
349,"Republic_3","2","Y",1973-04-07,36,8,28,1418,40.8,326.4,0.0857843137254902,4.34436274509804,8,13
404,"Republic_3","2","Y",1973-04-07,21,8,126,4522,81.2,649.6,0.193965517241379,6.96120689655172,8,13
354,"Republic_4","2","Y",1973-04-15,12,8,28,1501,119.1,952.8,0.0293870696893367,1.57535684298908,0,14
357,"Republic_4","2","Y",1973-04-15,42,8,41,1531,41.5,332,0.123493975903614,4.61144578313253,0,14
380,"Republic_4","2","Y",1973-04-15,36,8,62,2207,40.7,325.6,0.19041769041769,6.77825552825553,0,14
399,"Republic_4","2","Y",1973-04-15,21,8,91,3236,79.7,637.6,0.142722710163112,5.07528230865747,0,14
279,"Republic_4","2","Y",1973-04-16,36,3,25,901,40.7,122.1,0.204750204750205,7.37919737919738,1,14
361,"Republic_4","2","Y",1973-04-16,42,8,40,1622,41.5,332,0.120481927710843,4.8855421686747,1,14
388,"Republic_4","2","Y",1973-04-16,12,8,71,2463,119.1,952.8,0.0745172124265323,2.58501259445844,1,14
398,"Republic_4","2","Y",1973-04-16,21,8,96,3153,79.7,637.6,0.150564617314931,4.94510664993726,1,14
160,"Republic_4","2","Y",1973-04-17,36,8,13,464,40.7,325.6,0.0399262899262899,1.42506142506142,2,14
186,"Republic_4","2","Y",1973-04-17,42,8,16,544,41.5,332,0.0481927710843374,1.63855421686747,2,14
202,"Republic_4","2","Y",1973-04-17,21,8,26,604,79.7,637.6,0.0407779171894605,0.947302383939774,2,14
329,"Republic_4","2","Y",1973-04-17,12,8,37,1201,119.1,952.8,0.0388329135180521,1.26049538203191,2,14
80,"Republic_4","2","Y",1973-04-18,21,8,10,265,79.7,637.6,0.0156838143036386,0.415621079046424,3,14
90,"Republic_4","2","Y",1973-04-18,36,8,9,285,40.7,325.6,0.0276412776412776,0.875307125307125,3,14
98,"Republic_4","2","Y",1973-04-18,42,8,5,312,41.5,332,0.0150602409638554,0.939759036144578,3,14
181,"Republic_4","2","Y",1973-04-18,12,8,16,535,119.1,952.8,0.0167926112510495,0.561502938706969,3,14
75,"Republic_4","2","Y",1973-04-19,21,8,7,241,79.7,637.6,0.0109786700125471,0.377979924717691,4,14
105,"Republic_4","2","Y",1973-04-19,12,8,13,326,119.1,952.8,0.0136439966414777,0.342149454240134,4,14
162,"Republic_4","2","Y",1973-04-19,42,8,12,473,41.5,332,0.036144578313253,1.42469879518072,4,14
177,"Republic_4","2","Y",1973-04-19,36,8,14,524,40.7,325.6,0.042997542997543,1.60933660933661,4,14
175,"Republic_4","2","Y",1973-04-20,42,8,8,509,41.5,332,0.0240963855421687,1.53313253012048,5,14
268,"Republic_4","2","Y",1973-04-20,36,8,32,871,40.7,325.6,0.0982800982800983,2.67506142506143,5,14
277,"Republic_4","2","Y",1973-04-20,21,8,24,899,79.7,637.6,0.0376411543287327,1.40997490589711,5,14
370,"Republic_4","2","Y",1973-04-20,12,8,47,1843,119.1,952.8,0.049328295549958,1.93429890848027,5,14
44,"Republic_4","2","Y",1973-04-21,21,8,3,125,79.7,637.6,0.00470514429109159,0.196047678795483,6,14
47,"Republic_4","2","Y",1973-04-21,42,7,2,140,41.5,290.5,0.00688468158347676,0.481927710843373,6,14
284,"Republic_4","2","Y",1973-04-21,12,8,24,944,119.1,952.8,0.0251889168765743,0.990764063811923,6,14
309,"Republic_4","2","Y",1973-04-21,36,8,27,1065,40.7,325.6,0.0829238329238329,3.27088452088452,6,14
168,"Republic_4","2","Y",1973-04-22,42,8,12,494,41.5,332,0.036144578313253,1.48795180722892,7,14
371,"Republic_4","2","Y",1973-04-22,36,8,63,1896,40.7,325.6,0.193488943488943,5.82309582309582,7,14
375,"Republic_4","2","Y",1973-04-22,12,8,77,1955,119.1,952.8,0.0808144416456759,2.05184718723762,7,14
392,"Republic_4","2","Y",1973-04-22,21,8,92,2710,79.7,637.6,0.144291091593476,4.25031367628607,7,14
289,"Republic_4","2","Y",1973-04-23,42,8,28,958,41.5,332,0.0843373493975904,2.8855421686747,8,14
367,"Republic_4","2","Y",1973-04-23,36,8,54,1752,40.7,325.6,0.165847665847666,5.38083538083538,8,14
394,"Republic_4","2","Y",1973-04-23,21,8,92,2721,79.7,637.6,0.144291091593476,4.26756587202008,8,14
402,"Republic_4","2","Y",1973-04-23,12,8,118,4117,119.1,952.8,0.12384550797649,4.32094878253568,8,14
226,"Republic_4","2","Y",1973-04-24,36,8,24,681,40.7,325.6,0.0737100737100737,2.09152334152334,9,14
235,"Republic_4","2","Y",1973-04-24,21,8,23,719,79.7,637.6,0.0360727728983689,1.12766624843162,9,14
363,"Republic_4","2","Y",1973-04-24,42,8,46,1639,41.5,332,0.13855421686747,4.93674698795181,9,14
405,"Republic_4","2","Y",1973-04-24,12,8,180,4638,119.1,952.8,0.188916876574307,4.86775818639799,9,14
